,btrf_pt-O+,btrf_pt-A+,btrf_pt-B+,btrf_pt-AB+,btrf_pt-O-,btrf_pt-A-,btrf_pt-B-,btrf_pt-AB-
0,1.0,0.0,0.0,0.0,0.0,0.0,0.0,0.0
1,1.0,0.0,0.0,0.0,0.0,0.0,0.0,0.0
2,1.0,0.0,0.0,0.0,0.0,0.0,0.0,0.0
3,1.0,0.0,0.0,0.0,0.0,0.0,0.0,0.0
4,1.0,0.0,0.0,0.0,0.0,0.0,0.0,0.0
5,1.0,0.0,0.0,0.0,0.0,0.0,0.0,0.0
6,1.0,0.0,0.0,0.0,0.0,0.0,0.0,0.0
7,1.0,0.0,0.0,0.0,0.0,0.0,0.0,0.0
8,1.0,0.0,0.0,0.0,0.0,0.0,0.0,0.0
9,1.0,0.0,0.0,0.0,0.0,0.0,0.0,0.0
10,1.0,0.0,0.0,0.0,0.0,0.0,0.0,0.0
11,1.0,0.0,0.0,0.0,0.0,0.0,0.0,0.0
12,1.0,0.0,0.0,0.0,0.0,0.0,0.0,0.0
13,1.0,0.0,0.0,0.0,0.0,0.0,0.0,0.0
14,1.0,0.0,0.0,0.0,0.0,0.0,0.0,0.0
15,1.0,0.0,0.0,0.0,0.0,0.0,0.0,0.0
16,1.0,0.0,0.0,0.0,0.0,0.0,0.0,0.0
17,1.0,0.0,0.0,0.0,0.0,0.0,0.0,0.0
18,1.0,0.0,0.0,0.0,0.0,0.0,0.0,0.0
19,1.0,0.0,0.0,0.0,0.0,0.0,0.0,0.0
20,1.0,0.0,0.0,0.0,0.0,0.0,0.0,0.0
21,1.0,0.0,0.0,0.0,0.0,0.0,0.0,0.0
22,1.0,0.0,0.0,0.0,0.0,0.0,0.0,0.0
23,1.0,0.0,0.0,0.0,0.0,0.0,0.0,0.0
24,1.0,0.0,0.0,0.0,0.0,0.0,0.0,0.0
25,1.0,0.0,0.0,0.0,0.0,0.0,0.0,0.0
26,1.0,0.0,0.0,0.0,0.0,0.0,0.0,0.0
27,1.0,0.0,0.0,0.0,0.0,0.0,0.0,0.0
28,1.0,0.0,0.0,0.0,0.0,0.0,0.0,0.0
29,1.0,0.0,0.0,0.0,0.0,0.0,0.0,0.0
30,1.0,0.0,0.0,0.0,0.0,0.0,0.0,0.0
31,1.0,0.0,0.0,0.0,0.0,0.0,0.0,0.0
32,1.0,0.0,0.0,0.0,0.0,0.0,0.0,0.0
33,1.0,0.0,0.0,0.0,0.0,0.0,0.0,0.0
34,1.0,0.0,0.0,0.0,0.0,0.0,0.0,0.0
35,1.0,0.0,0.0,0.0,0.0,0.0,0.0,0.0
36,1.0,0.0,0.0,0.0,0.0,0.0,0.0,0.0
37,1.0,0.0,0.0,0.0,0.0,0.0,0.0,0.0
38,1.0,0.0,0.0,0.0,0.0,0.0,0.0,0.0
39,1.0,0.0,0.0,0.0,0.0,0.0,0.0,0.0
40,1.0,0.0,0.0,0.0,0.0,0.0,0.0,0.0
41,1.0,0.0,0.0,0.0,0.0,0.0,0.0,0.0
42,1.0,0.0,0.0,0.0,0.0,0.0,0.0,0.0
43,1.0,0.0,0.0,0.0,0.0,0.0,0.0,0.0
44,1.0,0.0,0.0,0.0,0.0,0.0,0.0,0.0
45,1.0,0.0,0.0,0.0,0.0,0.0,0.0,0.0
46,1.0,0.0,0.0,0.0,0.0,0.0,0.0,0.0
47,1.0,0.0,0.0,0.0,0.0,0.0,0.0,0.0
48,1.0,0.0,0.0,0.0,0.0,0.0,0.0,0.0
49,1.0,0.0,0.0,0.0,0.0,0.0,0.0,0.0
50,1.0,0.0,0.0,0.0,0.0,0.0,0.0,0.0
51,1.0,0.0,0.0,0.0,0.0,0.0,0.0,0.0
52,1.0,0.0,0.0,0.0,0.0,0.0,0.0,0.0
53,1.0,0.0,0.0,0.0,0.0,0.0,0.0,0.0
54,1.0,0.0,0.0,0.0,0.0,0.0,0.0,0.0
55,1.0,0.0,0.0,0.0,0.0,0.0,0.0,0.0
56,1.0,0.0,0.0,0.0,0.0,0.0,0.0,0.0
57,1.0,0.0,0.0,0.0,0.0,0.0,0.0,0.0
58,1.0,0.0,0.0,0.0,0.0,0.0,0.0,0.0
59,1.0,0.0,0.0,0.0,0.0,0.0,0.0,0.0
60,1.0,0.0,0.0,0.0,0.0,0.0,0.0,0.0
61,1.0,0.0,0.0,0.0,0.0,0.0,0.0,0.0
62,1.0,0.0,0.0,0.0,0.0,0.0,0.0,0.0
63,1.0,0.0,0.0,0.0,0.0,0.0,0.0,0.0
64,1.0,0.0,0.0,0.0,0.0,0.0,0.0,0.0
65,1.0,0.0,0.0,0.0,0.0,0.0,0.0,0.0
66,1.0,0.0,0.0,0.0,0.0,0.0,0.0,0.0
67,1.0,0.0,0.0,0.0,0.0,0.0,0.0,0.0
68,1.0,0.0,0.0,0.0,0.0,0.0,0.0,0.0
69,1.0,0.0,0.0,0.0,0.0,0.0,0.0,0.0
70,1.0,0.0,0.0,0.0,0.0,0.0,0.0,0.0
71,1.0,0.0,0.0,0.0,0.0,0.0,0.0,0.0
72,1.0,0.0,0.0,0.0,0.0,0.0,0.0,0.0
73,1.0,0.0,0.0,0.0,0.0,0.0,0.0,0.0
74,1.0,0.0,0.0,0.0,0.0,0.0,0.0,0.0
75,1.0,0.0,0.0,0.0,0.0,0.0,0.0,0.0
76,1.0,0.0,0.0,0.0,0.0,0.0,0.0,0.0
77,1.0,0.0,0.0,0.0,0.0,0.0,0.0,0.0
78,1.0,0.0,0.0,0.0,0.0,0.0,0.0,0.0
79,1.0,0.0,0.0,0.0,0.0,0.0,0.0,0.0
80,1.0,0.0,0.0,0.0,0.0,0.0,0.0,0.0
81,1.0,0.0,0.0,0.0,0.0,0.0,0.0,0.0
82,1.0,0.0,0.0,0.0,0.0,0.0,0.0,0.0
83,1.0,0.0,0.0,0.0,0.0,0.0,0.0,0.0
84,1.0,0.0,0.0,0.0,0.0,0.0,0.0,0.0
85,1.0,0.0,0.0,0.0,0.0,0.0,0.0,0.0
86,1.0,0.0,0.0,0.0,0.0,0.0,0.0,0.0
87,1.0,0.0,0.0,0.0,0.0,0.0,0.0,0.0
88,1.0,0.0,0.0,0.0,0.0,0.0,0.0,0.0
89,1.0,0.0,0.0,0.0,0.0,0.0,0.0,0.0
90,1.0,0.0,0.0,0.0,0.0,0.0,0.0,0.0
91,1.0,0.0,0.0,0.0,0.0,0.0,0.0,0.0
92,1.0,0.0,0.0,0.0,0.0,0.0,0.0,0.0
93,1.0,0.0,0.0,0.0,0.0,0.0,0.0,0.0
94,1.0,0.0,0.0,0.0,0.0,0.0,0.0,0.0
95,1.0,0.0,0.0,0.0,0.0,0.0,0.0,0.0
96,1.0,0.0,0.0,0.0,0.0,0.0,0.0,0.0
97,1.0,0.0,0.0,0.0,0.0,0.0,0.0,0.0
98,1.0,0.0,0.0,0.0,0.0,0.0,0.0,0.0
99,1.0,0.0,0.0,0.0,0.0,0.0,0.0,0.0
100,0.9867352999406058,0.01326470005939418,0.0,0.0,0.0,0.0,0.0,0.0
101,0.9734732257745224,0.02652677422547758,0.0,0.0,0.0,0.0,0.0,0.0
102,0.9602137767220903,0.03978622327790974,0.0,0.0,0.0,0.0,0.0,0.0
103,0.9469569520039585,0.03978228599703117,0.013260761999010391,0.0,0.0,0.0,0.0,0.0
104,0.9337027508410845,0.0397783494953493,0.026518899663566197,0.0,0.0,0.0,0.0,0.0
105,0.9204511724547343,0.03977441377263283,0.03977441377263283,0.0,0.0,0.0,0.0,0.0
106,0.9204590423426988,0.03977047882865058,0.03977047882865058,0.0,0.0,0.0,0.0,0.0
107,0.9204669106736572,0.03976654466317143,0.03976654466317143,0.0,0.0,0.0,0.0,0.0
108,0.9205242334322453,0.039762611275964393,0.03971315529179031,0.0,0.0,0.0,0.0,0.0
109,0.9205360233397617,0.03975671265390891,0.03970726400632943,0.0,0.0,0.0,0.0,0.0
110,0.9205438813349814,0.03975278121137207,0.03970333745364648,0.0,0.0,0.0,0.0,0.0
111,0.920502298907401,0.03979828941513818,0.03969941167746082,0.0,0.0,0.0,0.0,0.0
112,0.9205140879881364,0.039792387543252594,0.03969352446861097,0.0,0.0,0.0,0.0,0.0
113,0.9204230921312772,0.03988730723606169,0.03968960063266113,0.0,0.0,0.0,0.0,0.0
114,0.920381536028467,0.03988336463378472,0.039735099337748346,0.0,0.0,0.0,0.0,0.0
115,0.9203894050207551,0.03987942281083218,0.03973117216841273,0.0,0.0,0.0,0.0,0.0
116,0.920199624468821,0.03997430576143888,0.03982606976974009,0.0,0.0,0.0,0.0,0.0
117,0.9201126426559952,0.03996838100884344,0.0399189763351613,0.0,0.0,0.0,0.0,0.0
118,0.919976289270895,0.04006125271685438,0.03996245801225054,0.0,0.0,0.0,0.0,0.0
119,0.9198399762927841,0.040104706870153606,0.04005531683706228,0.0,0.0,0.0,0.0,0.0
120,0.9192592592592592,0.04069135802469136,0.04004938271604938,0.0,0.0,0.0,0.0,0.0
121,0.9180821647244717,0.041823029824214895,0.04009480545131345,0.0,0.0,0.0,0.0,0.0
122,0.9165103189493433,0.043349461834699315,0.04014021921595734,0.0,0.0,0.0,0.0,0.0
123,0.9145932069510269,0.04487559241706161,0.04053120063191153,0.0,0.0,0.0,0.0,0.0
124,0.9119360252739659,0.046500148089643596,0.04156382663639056,0.0,0.0,0.0,0.0,0.0
125,0.9088934952127135,0.0478235119928931,0.04323363932484454,4.935346954890929e-05,0.0,0.0,0.0,0.0
126,0.9050320670942279,0.04923532313764183,0.045535273803650717,0.0001973359644795264,0.0,0.0,0.0,0.0
127,0.901706450976524,0.050848293549023475,0.04714933912014204,0.0002959163543105149,0.0,0.0,0.0,0.0
128,0.8988658777120315,0.052120315581854045,0.048668639053254435,0.00034516765285996055,0.0,0.0,0.0,0.0
129,0.8955437247362713,0.05412599822537711,0.049886621315192746,0.00044365572315882877,0.0,0.0,0.0,0.0
130,0.8926564810251355,0.055692459339576145,0.05115820601281419,0.0004928536224741252,0.0,0.0,0.0,0.0
131,0.8892667060910704,0.05770747092450227,0.052533017938103686,0.0004928050463236743,0.0,0.0,0.0,0.0
132,0.8855059611784413,0.05966105034978816,0.05424179722140112,0.0005911912503694946,0.0,0.0,0.0,0.0
133,0.8811798306086271,0.06169982272995864,0.05633247981091195,0.0007878668505022651,0.0,0.0,0.0,0.0
134,0.8775480059084195,0.06361398325947809,0.05805022156573117,0.0007877892663712457,0.0,0.0,0.0,0.0
135,0.8732775590551181,0.06525590551181103,0.06048228346456693,0.000984251968503937,0.0,0.0,0.0,0.0
136,0.8693299222670471,0.06754895208107842,0.062038768080291254,0.001082357571583194,0.0,0.0,0.0,0.0
137,0.8657024793388429,0.06946084218811492,0.06375442739079103,0.0010822510822510823,0.0,0.0,0.0,0.0
138,0.8614961171729086,0.07126707952423081,0.06576231200235919,0.001474491300501327,0.0,0.0,0.0,0.0
139,0.856728880157171,0.07352652259332024,0.06797642436149312,0.001768172888015717,0.0,0.0,0.0,0.0
140,0.8542178140037318,0.07463419424531081,0.06928213689482471,0.0018658548561327703,0.0,0.0,0.0,0.0
141,0.8509081983308787,0.07535591556210113,0.0718213058419244,0.001914580265095729,0.0,0.0,0.0,0.0
142,0.848763008050265,0.07549577851953662,0.0738268211270371,0.0019143923031612017,0.0,0.0,0.0,0.0
143,0.8468030816036115,0.07566612689533343,0.07551891653172384,0.0020118749693311742,0.0,0.0,0.0,0.0
144,0.8458368087925028,0.07600215887346058,0.07614935479122713,0.0020116775428094796,0.0,0.0,0.0,0.0
145,0.8449764521193093,0.0766287284144427,0.07638343799058085,0.00201138147566719,0.0,0.0,0.0,0.0
146,0.8439124889630139,0.07725890316884136,0.07681742372216227,0.002011184145982537,0.0,0.0,0.0,0.0
147,0.8428977830096135,0.07783990582695703,0.07725132430841672,0.0020109868550127526,0.0,0.0,0.0,0.0
148,0.8415710503089144,0.07830734529763655,0.07801314111993723,0.002108463273511817,0.0,0.0,0.0,0.0
149,0.8400823610157858,0.0792234532797333,0.07853711148151779,0.0021570742229630358,0.0,0.0,0.0,0.0
150,0.8383412577814813,0.0804372334689476,0.07906475172785647,0.002156757021714622,0.0,0.0,0.0,0.0
151,0.836722693193512,0.08134463664428872,0.07967854167687557,0.0022541284853236634,0.0,0.0,0.0,0.0
152,0.8350727620167573,0.08256161497378607,0.0801117154196678,0.002253907589788819,0.0,0.0,0.0,0.0
153,0.833480305702528,0.08318636096413874,0.08107975700568293,0.002253576327650402,0.0,0.0,0.0,0.0
154,0.8313742775981977,0.08433734939759036,0.08193750612204917,0.0023508668821627977,0.0,0.0,0.0,0.0
155,0.8294892512609569,0.08540228196464424,0.08275794525243622,0.0023505215219626853,0.0,0.0,0.0,0.0
156,0.8274427256706481,0.08659682788329744,0.08351282553358136,0.002447620912473076,0.0,0.0,0.0,0.0
157,0.8252911813643927,0.08789272780659685,0.08427131251835177,0.002544778310658706,0.0,0.0,0.0,0.0
158,0.8227005870841487,0.08962818003913894,0.0850293542074364,0.0026418786692759297,0.0,0.0,0.0,0.0
159,0.82,0.09090464547677261,0.08625916870415648,0.0028361858190709046,0.0,0.0,0.0,0.0
160,0.8168491008600469,0.09274824081313526,0.08727521501172791,0.003127443315089914,0.0,0.0,0.0,0.0
161,0.8137092046120774,0.09429353136603479,0.08882157514168458,0.003175688880203244,0.0,0.0,0.0,0.0
162,0.8108028911896855,0.09567298300449306,0.09020316468060167,0.0033209611252197693,0.0,0.0,0.0,0.0
163,0.8080453036516305,0.09695371997656707,0.09153485647334506,0.0034661198984573325,0.0,0.0,0.0,0.0
164,0.8052410696857311,0.09823345695881319,0.09291430802264299,0.003611165332812805,0.0,0.0,0.0,0.0
165,0.8023414634146342,0.09936585365853659,0.09453658536585366,0.0037560975609756096,0.0,0.0,0.0,0.0
166,0.7997171559543548,0.10079976592216912,0.09563054715692967,0.0038525309665463766,0.0,0.0,0.0,0.0
167,0.7975134080936128,0.10180399804973184,0.09678205753291078,0.0039005363237445147,0.0,0.0,0.0,0.0
168,0.7954279586664067,0.1031390134529148,0.09743614739715344,0.003996880483525054,0.0,0.0,0.0,0.0
169,0.7940545808966861,0.10423976608187134,0.0976608187134503,0.004044834307992203,0.0,0.0,0.0,0.0
170,0.7917762837376985,0.10513495079411478,0.09894767611809413,0.004141089350092566,0.0,0.0,0.0,0.0
171,0.789986362750828,0.1058347944671732,0.09994155464640561,0.00423728813559322,0.0,0.0,0.0,0.0
172,0.7872516556291391,0.10727502921698481,0.10118815738215817,0.004285157771717959,0.0,0.0,0.0,0.0
173,0.7857142857142857,0.10809231668127374,0.10190865712338106,0.004284740481059499,0.0,0.0,0.0,0.0
174,0.7844903125304254,0.10870411839158797,0.10247298218284491,0.004332586895141661,0.0,0.0,0.0,0.0
175,0.7834128297478828,0.10936435315876569,0.1028424024140952,0.004380414679256303,0.0,0.0,0.0,0.0
176,0.7814324639937719,0.11015959517321915,0.10393149085247178,0.004476449980537174,0.0,0.0,0.0,0.0
177,0.7803288257612608,0.11037065862437981,0.10472808638972662,0.004572429224632747,0.0,0.0,0.0,0.0
178,0.7789125571442467,0.11166228966053886,0.10480498006030542,0.004620173134909055,0.0,0.0,0.0,0.0
179,0.7774860199367858,0.112424021395575,0.10547045951859957,0.0046194991490396305,0.0,0.0,0.0,0.0
180,0.7766541883416792,0.11245077543876708,0.10622781856191356,0.004667217657640138,0.0,0.0,0.0,0.0
181,0.7770539620807001,0.11147301895964998,0.10680602819640253,0.004666990763247448,0.0,0.0,0.0,0.0
182,0.7779614057259515,0.1105818305546104,0.10679045350702376,0.004666310212414329,0.0,0.0,0.0,0.0
183,0.7791980558930741,0.10993924665856622,0.10619684082624545,0.004665856622114216,0.0,0.0,0.0,0.0
184,0.7817298347910593,0.10918367346938776,0.1043731778425656,0.0047133138969873666,0.0,0.0,0.0,0.0
185,0.7840870452227133,0.10909797444989557,0.10200612036722204,0.004808859960169038,0.0,0.0,0.0,0.0
186,0.7866925692083536,0.10825643516270034,0.10019426906265178,0.0048567265662943174,0.0,0.0,0.0,0.0
187,0.7891235736829327,0.1079388201019665,0.09803350327749454,0.004904102937606215,0.0,0.0,0.0,0.0
188,0.7904086981846423,0.10731967770119406,0.09727210950393166,0.004999514610232016,0.0,0.0,0.0,0.0
189,0.7906435018926526,0.10720178588760555,0.0971076385518781,0.005047073667863729,0.0,0.0,0.0,0.0
190,0.7932857905205453,0.1047882404307961,0.09678358317566584,0.005142385872992771,0.0,0.0,0.0,0.0
191,0.7953443258971872,0.10257032007759456,0.09684772065955383,0.0052376333656644035,0.0,0.0,0.0,0.0
192,0.7967613691457384,0.10035877048385533,0.09754678561039465,0.005333074760011635,0.0,0.0,0.0,0.0
193,0.7988076773943389,0.09926328034121752,0.09650058162078325,0.005428460643660334,0.0,0.0,0.0,0.0
194,0.8009595812736261,0.09828438499563827,0.09532809925365901,0.0054279344770766695,0.0,0.0,0.0,0.0
195,0.8024326419848808,0.09842023647993797,0.0937197131226982,0.005427408412483039,0.0,0.0,0.0,0.0
196,0.801889534883721,0.09883720930232558,0.0937984496124031,0.005474806201550388,0.0,0.0,0.0,0.0
197,0.7995543499321837,0.09939934121294323,0.0955241232319318,0.00552218562294129,0.0,0.0,0.0,0.0
198,0.797094430992736,0.10043583535108959,0.09685230024213075,0.005617433414043584,0.0,0.0,0.0,0.0
199,0.7950891127469973,0.10131731886865555,0.09807245253777605,0.005521115846571096,0.0,0.0,0.0,0.0
200,0.792776217681805,0.1027888060424131,0.09881863077370001,0.005616345502081921,0.0,0.0,0.0,0.0
201,0.79045683313976,0.10380371660859465,0.09993224932249323,0.005807200929152149,0.0,0.0,0.0,0.0
202,0.7888727624576681,0.10449927431059507,0.10072568940493469,0.005902273826802129,0.0,0.0,0.0,0.0
203,0.7877527329012286,0.10501112508464738,0.1012866402244365,0.00594950178968753,0.0,0.0,0.0,0.0
204,0.7861772102921262,0.1057264461211066,0.10214741729541497,0.005948926291352292,0.0,0.0,0.0,0.0
205,0.7852238661638139,0.10651774489894594,0.10221448602649646,0.006043902910743641,0.0,0.0,0.0,0.0
206,0.7841744006187161,0.10711523588553751,0.10257153905645786,0.0061388244392884764,0.0,0.0,0.0,0.0
207,0.7832978929054707,0.10762613570462014,0.10289000579934274,0.006185965590566402,0.0,0.0,0.0,0.0
208,0.7827872813375858,0.10814728906929545,0.10288006185367739,0.006185367739441384,0.0,0.0,0.0,0.0
209,0.7821466524973433,0.10829871509999034,0.10322674137764468,0.006327891025021737,0.0,0.0,0.0,0.0
210,0.7818629819306213,0.10851289979708184,0.10343994588849165,0.0061841723838051985,0.0,0.0,0.0,0.0
211,0.7823461203981061,0.10783650594260315,0.10368151512223403,0.00613585853705672,0.0,0.0,0.0,0.0
212,0.782608695652174,0.10797101449275362,0.10328502415458937,0.006135265700483092,0.0,0.0,0.0,0.0
213,0.7829404945904173,0.10746715610510046,0.10340996908809892,0.0061823802163833074,0.0,0.0,0.0,0.0
214,0.7826716893654013,0.1076982517144789,0.10344827586206896,0.006181783058050807,0.0,0.0,0.0,0.0
215,0.7833478218873756,0.10692552883222255,0.10359316140249203,0.006133487877909785,0.0,0.0,0.0,0.0
216,0.7841035298662418,0.10686175092954754,0.1029021198512724,0.006132599352938336,0.0,0.0,0.0,0.0
217,0.7844690201381176,0.10648572946346646,0.10300864441976143,0.0060366059786545615,0.0,0.0,0.0,0.0
218,0.7846450989859971,0.10637373249637856,0.10289715113471752,0.006084017382906808,0.0,0.0,0.0,0.0
219,0.7854280334121965,0.10598232823137463,0.1025059147313022,0.006083723625126744,0.0,0.0,0.0,0.0
220,0.7854970308501907,0.10597209481967847,0.10244773813547048,0.006083136194660358,0.0,0.0,0.0,0.0
221,0.7860521235521235,0.10569498069498069,0.10207528957528958,0.006177606177606178,0.0,0.0,0.0,0.0
222,0.7864658750844676,0.10565691669080027,0.10179554011004924,0.006081668114682885,0.0,0.0,0.0,0.0
223,0.7866415713527339,0.10554509917475026,0.10173254186574007,0.0060807876067757345,0.0,0.0,0.0,0.0
224,0.7880791505791506,0.10492277992277993,0.10101351351351351,0.005984555984555984,0.0,0.0,0.0,0.0
225,0.7884169884169884,0.10492277992277993,0.10072393822393823,0.005936293436293436,0.0,0.0,0.0,0.0
226,0.7886304410771161,0.10471962165814111,0.10071421677444262,0.005935720490300164,0.0,0.0,0.0,0.0
227,0.7877954655089243,0.10496864447660395,0.10115774240231548,0.006078147612156295,0.0,0.0,0.0,0.0
228,0.7884782398919232,0.10465116279069768,0.10093602238733958,0.005934574930039564,0.0,0.0,0.0,0.0
229,0.7891333719359197,0.10451650260567458,0.10051148426944605,0.00583864118895966,0.0,0.0,0.0,0.0
230,0.788879235447437,0.10425716768027801,0.10121633362293658,0.005647263249348393,0.0,0.0,0.0,0.0
231,0.788561776061776,0.1040057915057915,0.10178571428571428,0.0056467181467181465,0.0,0.0,0.0,0.0
232,0.7876857749469215,0.1045647558386412,0.10205558772437753,0.005693881490059834,0.0,0.0,0.0,0.0
233,0.7864724044770359,0.10521999228097259,0.10256657661134697,0.005741026630644539,0.0,0.0,0.0,0.0
234,0.7860175624819068,0.10551963717070346,0.10281771687735212,0.005645083470037634,0.0,0.0,0.0,0.0
235,0.7852595022187923,0.10568203743005981,0.10331854138529808,0.005739918965849894,0.0,0.0,0.0,0.0
236,0.7847912045520301,0.10603722634776738,0.10333686951490019,0.0058346995853023435,0.0,0.0,0.0,0.0
237,0.7841369334619094,0.1062198649951784,0.10380906460945034,0.0058341369334619095,0.0,0.0,0.0,0.0
238,0.7837994214079074,0.10646094503375121,0.10395371263259402,0.0057859209257473485,0.0,0.0,0.0,0.0
239,0.7835583413693347,0.10626808100289296,0.10443587270973963,0.005737704918032787,0.0,0.0,0.0,0.0
240,0.7834554569996144,0.10576552256074045,0.10499421519475512,0.005784805244890089,0.0,0.0,0.0,0.0
241,0.7824850588008483,0.10608251397725083,0.10560053981106612,0.005831887410834779,0.0,0.0,0.0,0.0
242,0.7826233616037008,0.10529105628373168,0.10620663068619893,0.005878951426368543,0.0,0.0,0.0,0.0
243,0.7824033921171822,0.1054254601522598,0.10629276284089814,0.0058783848896598245,0.0,0.0,0.0,0.0
244,0.7824830177771355,0.10531387001975237,0.10632557691381221,0.005877535289299995,0.0,0.0,0.0,0.0
245,0.7823804248350272,0.10505274312412696,0.10664226193343287,0.005924570107412938,0.0,0.0,0.0,0.0
246,0.782037081627739,0.1051288225379244,0.10686250902961715,0.0059715868047194795,0.0,0.0,0.0,0.0
247,0.7818864654051711,0.10462708844913092,0.10746786075400838,0.0060185853916895375,0.0,0.0,0.0,0.0
248,0.7823407635645853,0.10456887005921718,0.10707236050262385,0.006018005873573732,0.0,0.0,0.0,0.0
249,0.782704993018441,0.10433819635032981,0.10703452260580673,0.005922288025422505,0.0,0.0,0.0,0.0
250,0.7843005056585601,0.1034914519624368,0.10642908740669396,0.005778954972309174,0.0,0.0,0.0,0.0
251,0.7835235206317107,0.10414560161779575,0.10650488709133805,0.005825990659155472,0.0,0.0,0.0,0.0
252,0.7841182702494462,0.1040161802947125,0.10618318405085235,0.005682365404988924,0.0,0.0,0.0,0.0
253,0.7846857693233807,0.10378039971105225,0.1059475078256682,0.005586323139898868,0.0,0.0,0.0,0.0
254,0.7844487241213288,0.10389985556090515,0.10601829561868079,0.005633124699085219,0.0,0.0,0.0,0.0
255,0.7847168721109399,0.10376540832049307,0.10598035439137134,0.005537365177195686,0.0,0.0,0.0,0.0
256,0.7849819494584838,0.10353790613718411,0.10584837545126353,0.0056317689530685925,0.0,0.0,0.0,0.0
257,0.7849100182850544,0.10340679434125685,0.10595707824078529,0.005726109132903474,0.0,0.0,0.0,0.0
258,0.7849033002982777,0.10305012989512172,0.10627345328586549,0.00577311652073511,0.0,0.0,0.0,0.0
259,0.7848588331489587,0.10321773844451926,0.10610360252032129,0.00581982588620076,0.0,0.0,0.0,0.0
260,0.7852022898927215,0.10290085149372204,0.10622023379997114,0.005676624813585414,0.0,0.0,0.0,0.0
261,0.7848965848965849,0.10312650312650312,0.1063011063011063,0.005675805675805676,0.0,0.0,0.0,0.0
262,0.7843919796124441,0.10299562436889936,0.10684233302880224,0.005770062989854306,0.0,0.0,0.0,0.0
263,0.7840761575075724,0.10308187893648733,0.10707245540650993,0.005769508149430261,0.0,0.0,0.0,0.0
264,0.7844060952747199,0.10277363841753594,0.10700379752920251,0.005816468778541557,0.0,0.0,0.0,0.0
265,0.7839396415012735,0.10284011725695612,0.10730933730597338,0.0059109039357970105,0.0,0.0,0.0,0.0
266,0.7836319100907737,0.1031650737236444,0.10705537678305557,0.006147639402526295,0.0,0.0,0.0,0.0
267,0.7843796532014026,0.10283875306210673,0.10672942984773524,0.0060521638887554635,0.0,0.0,0.0,0.0
268,0.783988858473803,0.10272295058348942,0.10718916582624982,0.006099025116457763,0.0,0.0,0.0,0.0
269,0.7842911325555716,0.10221326035815449,0.10730231888232752,0.0061932882039464204,0.0,0.0,0.0,0.0
270,0.7840718160433968,0.10253948442225529,0.10719600595266669,0.0061926935816811485,0.0,0.0,0.0,0.0
271,0.7840652747780178,0.10232781377489801,0.10736741060715142,0.006239500839932805,0.0,0.0,0.0,0.0
272,0.7838395470466868,0.10215440717815844,0.10767237656542393,0.006333669209730819,0.0,0.0,0.0,0.0
273,0.783551652991699,0.10229835420565232,0.10786430593541577,0.006285686867232858,0.0,0.0,0.0,0.0
274,0.7836204001343376,0.10214460490332486,0.1079499112411841,0.006285083721153385,0.0,0.0,0.0,0.0
275,0.7845386054993042,0.10125245933106194,0.10806660588319977,0.00614232928643409,0.0,0.0,0.0,0.0
276,0.7842026968664523,0.10149239406881329,0.10821056672585057,0.006094342338883824,0.0,0.0,0.0,0.0
277,0.7840521997793024,0.10123302787506597,0.10857362183946649,0.006141150506165139,0.0,0.0,0.0,0.0
278,0.7848884624610218,0.10112736867354281,0.10784360757975534,0.006140561285680019,0.0,0.0,0.0,0.0
279,0.78505300522857,0.10087782414735934,0.10792919844581954,0.006139972178251067,0.0,0.0,0.0,0.0
280,0.7858479251619094,0.10035979851283282,0.10774766130966659,0.006044615015591269,0.0,0.0,0.0,0.0
281,0.7860192870508085,0.10003358441683059,0.10799788897951351,0.005949239552847479,0.0,0.0,0.0,0.0
282,0.7864440926752051,0.09977454789657984,0.10778529284789179,0.005996066580323308,0.0,0.0,0.0,0.0
283,0.7870228275465183,0.0994149242278918,0.1074717053520046,0.0060905428735852675,0.0,0.0,0.0,0.0
284,0.7867555385058023,0.09945334228445382,0.10770116044883475,0.006089958760909178,0.0,0.0,0.0,0.0
285,0.7866251198465963,0.09961649089165868,0.10757430488974114,0.006184084372003835,0.0,0.0,0.0,0.0
286,0.7861593022141282,0.09958784625706892,0.10797469567717818,0.006278155851624652,0.0,0.0,0.0,0.0
287,0.7864193981215257,0.09981790300939238,0.10748514471918727,0.006277554149894575,0.0,0.0,0.0,0.0
288,0.786316596397087,0.09955921809122269,0.10779992334227674,0.006324262169413568,0.0,0.0,0.0,0.0
289,0.7864500982224139,0.09903694121029179,0.10823630875377317,0.0062766518135211535,0.0,0.0,0.0,0.0
290,0.7859743245832534,0.09910902471737881,0.10859360030657214,0.006323050392795555,0.0,0.0,0.0,0.0
291,0.786604062859333,0.09874472978152549,0.1084706784208509,0.006180528938290533,0.0,0.0,0.0,0.0
292,0.7868467691718158,0.0986731810125976,0.10825310149925756,0.006226948316328975,0.0,0.0,0.0,0.0
293,0.7870760682123012,0.09877371143897298,0.10801877754359072,0.006131442805135084,0.0,0.0,0.0,0.0
294,0.7870556673373574,0.09873526875538947,0.1081728466034301,0.006036217303822937,0.0,0.0,0.0,0.0
295,0.7870006705623144,0.09909953060637992,0.10781684069355302,0.0060829581377526585,0.0,0.0,0.0,0.0
296,0.7865249245798017,0.09917157496528277,0.10817411291481109,0.006129387540104391,0.0,0.0,0.0,0.0
297,0.7860494063577174,0.0995787054768288,0.10819609345078514,0.00617579471466871,0.0,0.0,0.0,0.0
298,0.7862237327078646,0.0991335982001819,0.10846776123689628,0.006174907855057202,0.0,0.0,0.0,0.0
299,0.7867981427408932,0.09908573069742951,0.10798908620937246,0.00612704035230482,0.0,0.0,0.0,0.0
300,0.7872768177684171,0.09903786319467714,0.10760614618735341,0.006079172849552439,0.0,0.0,0.0,0.0
301,0.7871810827629122,0.09898999569192475,0.10779761619836294,0.006031305346800057,0.0,0.0,0.0,0.0
302,0.7855946398659966,0.09973677913376405,0.10859057190715482,0.00607800909308447,0.0,0.0,0.0,0.0
303,0.7854442796306044,0.10000478491793865,0.1084262404899756,0.006124694961481411,0.0,0.0,0.0,0.0
304,0.786230323907947,0.09951676953255825,0.10812879766518349,0.006124108894311277,0.0,0.0,0.0,0.0
305,0.7860867901057366,0.09975599253624229,0.10808095306444668,0.00607626429357447,0.0,0.0,0.0,0.0
306,0.7861960109054383,0.09967953317070838,0.10795427368823839,0.006170182235614866,0.0,0.0,0.0,0.0
307,0.7861890870833532,0.09989957438668644,0.10769451484864426,0.006216823681316054,0.0,0.0,0.0,0.0
308,0.786202610316967,0.09967968637949993,0.107807046899651,0.00631065640388201,0.0,0.0,0.0,0.0
309,0.7856972130598977,0.09981356661408289,0.10817916726420956,0.006310053061809838,0.0,0.0,0.0,0.0
310,0.7855538027630384,0.09967015631722358,0.10851379129021464,0.0062622496295234,0.0,0.0,0.0,0.0
311,0.785813297643516,0.099804024664213,0.10812102671956407,0.00626165097270685,0.0,0.0,0.0,0.0
312,0.7858337714476892,0.0997944845385461,0.10811069158342494,0.006261052430339817,0.0,0.0,0.0,0.0
313,0.7861683315012188,0.09989007312526885,0.10772833723653395,0.006213258136978444,0.0,0.0,0.0,0.0
314,0.7860931899641577,0.09968936678614097,0.1080047789725209,0.006212664277180406,0.0,0.0,0.0,0.0
315,0.7864003440531371,0.09944091365221962,0.10794667176375018,0.006212070530893105,0.0,0.0,0.0,0.0
316,0.7864105504587156,0.09924503058103976,0.10818042813455657,0.006163990825688074,0.0,0.0,0.0,0.0
317,0.7864653030013382,0.09974192315044925,0.1077709806920283,0.006021793156184286,0.0,0.0,0.0,0.0
318,0.7863423492306222,0.09949345312051992,0.10814298002484947,0.006021217624008411,0.0,0.0,0.0,0.0
319,0.7861442904921165,0.09933110367892976,0.10845676063067368,0.006067845198279981,0.0,0.0,0.0,0.0
320,0.7869839449541285,0.09938837920489296,0.10765481651376146,0.005972859327217125,0.0,0.0,0.0,0.0
321,0.7864003440531371,0.09982319491565919,0.10785110144789029,0.005925359583313423,0.0,0.0,0.0,0.0
322,0.7858269221579778,0.10025326133702872,0.10804224207961008,0.005877574425383476,0.0,0.0,0.0,0.0
323,0.7854958914580547,0.10018154022549207,0.10839862411618574,0.005923944200267533,0.0,0.0,0.0,0.0
324,0.7851547573557509,0.10030569354222392,0.10856897210546428,0.0059705769965609475,0.0,0.0,0.0,0.0
325,0.7858985382631126,0.1004585841215248,0.10776726855832616,0.0058756090570364,0.0,0.0,0.0,0.0
326,0.7854686156491831,0.10060189165950129,0.10810165281360466,0.005827839877710901,0.0,0.0,0.0,0.0
327,0.7861307589371057,0.10069776333397056,0.1076276046645001,0.005543873064423628,0.0,0.0,0.0,0.0
328,0.7861920688007644,0.1,0.10817009077878643,0.005637840420449116,0.0,0.0,0.0,0.0
329,0.7858473887906732,0.10053036456591333,0.10803191743513785,0.005590329208275599,0.0,0.0,0.0,0.0
330,0.7854481177145041,0.10080259889164915,0.10815975539843302,0.005589527995413721,0.0,0.0,0.0,0.0
331,0.7856119231871597,0.10041081494219929,0.10838826788955766,0.005588993981083405,0.0,0.0,0.0,0.0
332,0.7857381668815971,0.1006830013851077,0.10799063858241391,0.0055881931508812155,0.0,0.0,0.0,0.0
333,0.7845000477509312,0.1005157100563461,0.1093496323178302,0.005634609874892561,0.0,0.0,0.0,0.0
334,0.783897293943588,0.10113110294468572,0.10914904786904023,0.005822555242686011,0.0,0.0,0.0,0.0
335,0.7837953905616262,0.10139810087321659,0.10893734790284869,0.005869160662308536,0.0,0.0,0.0,0.0
336,0.7830256190067267,0.10195124278421831,0.10910738991460331,0.0059157482944516004,0.0,0.0,0.0,0.0
337,0.7831417258980108,0.10175070362066498,0.10919238658588942,0.005915183895434814,0.0,0.0,0.0,0.0
338,0.7825153813134926,0.10254208995087519,0.10898077931988363,0.005961749415748558,0.0,0.0,0.0,0.0
339,0.7823391980164974,0.10279883659943737,0.1088065608162876,0.006055404567777619,0.0,0.0,0.0,0.0
340,0.7819724486391153,0.1028647695314362,0.10901377568044235,0.006149006149006149,0.0,0.0,0.0,0.0
341,0.7827558267003479,0.10261665316238501,0.10847910013822029,0.006148419999046756,0.0,0.0,0.0,0.0
342,0.782919506266978,0.1025592146022971,0.10837344516989944,0.00614783396082543,0.0,0.0,0.0,0.0
343,0.7830831546342626,0.10254944007624493,0.10822015725518228,0.0061472480343102215,0.0,0.0,0.0,0.0
344,0.7823352865513792,0.10285360392549188,0.10857033966938212,0.006240769853746844,0.0,0.0,0.0,0.0
345,0.7824574777264282,0.1028157606365239,0.10858068512077755,0.006146076516270428,0.0,0.0,0.0,0.0
346,0.7821716137024155,0.10291104864452809,0.10881890514078803,0.006098432512268331,0.0,0.0,0.0,0.0
347,0.7817636129769902,0.10352055642894574,0.10861797913391454,0.006097851460149588,0.0,0.0,0.0,0.0
348,0.7810639615183121,0.10415773681954565,0.10858694099157022,0.006191360670571987,0.0,0.0,0.0,0.0
349,0.7815462296956128,0.10422521792978612,0.1081789167817844,0.006049635592816653,0.0,0.0,0.0,0.0
350,0.7816683340479254,0.10437806679052927,0.10799866609499309,0.005954933066552332,0.0,0.0,0.0,0.0
351,0.7813824972607308,0.10433042732599686,0.10837978181125243,0.005907293602019913,0.0,0.0,0.0,0.0
352,0.7810222455104082,0.10465393226313532,0.10841709141142286,0.005906730815033583,0.0,0.0,0.0,0.0
353,0.780846706986047,0.10481451497690367,0.10833849230915758,0.006000285727891804,0.0,0.0,0.0,0.0
354,0.7802323366977718,0.10498000380879832,0.10869358217482385,0.00609407731860598,0.0,0.0,0.0,0.0
355,0.7808036564463912,0.10474195391354028,0.10840792230051419,0.0060464673395543705,0.0,0.0,0.0,0.0
356,0.7799676282966771,0.10516043035323241,0.10882604970008569,0.00604589165000476,0.0,0.0,0.0,0.0
357,0.77996192289386,0.1048548310328415,0.10909090909090909,0.0060923369823893386,0.0,0.0,0.0,0.0
358,0.7805075465409703,0.10455649192972433,0.1090796552873399,0.005856306241965433,0.0,0.0,0.0,0.0
359,0.780237041268028,0.10490742062925412,0.10890570707791898,0.005949831024798896,0.0,0.0,0.0,0.0
360,0.7803264645695522,0.10493504021320135,0.10874220720506353,0.005996288012182934,0.0,0.0,0.0,0.0
361,0.7795223142068703,0.10571890760300695,0.10871633837662956,0.0060424398134931966,0.0,0.0,0.0,0.0
362,0.7795118237617167,0.10610458200504354,0.10843602797735166,0.005947566255888091,0.0,0.0,0.0,0.0
363,0.7790835989912928,0.10639006518532616,0.10862635009754008,0.005899985725840986,0.0,0.0,0.0,0.0
364,0.779311001141987,0.10663304149219642,0.1082508564902931,0.00580510087552341,0.0,0.0,0.0,0.0
365,0.7795964979063571,0.10701370384468976,0.10763228016749143,0.005757518081461743,0.0,0.0,0.0,0.0
366,0.7793103448275862,0.10677764565992866,0.10801426872770512,0.005897740784780023,0.0,0.0,0.0,0.0
367,0.7786655252770248,0.1070528368288391,0.1083844580777096,0.005897179816426499,0.0,0.0,0.0,0.0
368,0.7782532211287025,0.10754528597917558,0.10821090667047022,0.00599058622165169,0.0,0.0,0.0,0.0
369,0.7765209125475285,0.10836501901140684,0.10903041825095057,0.006083650190114068,0.0,0.0,0.0,0.0
370,0.7764046011978325,0.10837532084798936,0.10923091548626296,0.005989162467915201,0.0,0.0,0.0,0.0
371,0.7756867217945063,0.10944777112441784,0.10882995912936033,0.0060355479517156165,0.0,0.0,0.0,0.0
372,0.7753705815279361,0.10979665526415812,0.10870391486126948,0.00612884834663626,0.0,0.0,0.0,0.0
373,0.7748907467224017,0.11020330609918298,0.10873076192285769,0.006175185255557667,0.0,0.0,0.0,0.0
374,0.7749335106382979,0.11013487841945288,0.10871010638297872,0.006221504559270517,0.0,0.0,0.0,0.0
375,0.7746532395971879,0.11063081892456773,0.10863575907277219,0.0060801824054721645,0.0,0.0,0.0,0.0
376,0.7743896646717964,0.11095278806877552,0.1085779424337418,0.006079604825686331,0.0,0.0,0.0,0.0
377,0.7738366571699905,0.11125356125356126,0.1087369420702754,0.006172839506172839,0.0,0.0,0.0,0.0
378,0.7731200151917964,0.11132738321306494,0.10933345993163691,0.006219141663501709,0.0,0.0,0.0,0.0
379,0.7725935067400798,0.11168596924245301,0.10945509777862161,0.006265426238845643,0.0,0.0,0.0,0.0
380,0.7725892179195141,0.11185459377372817,0.10924449506454062,0.0063116932422171606,0.0,0.0,0.0,0.0
381,0.7732320835310869,0.11167536782154722,0.10887517797816801,0.006217370669197911,0.0,0.0,0.0,0.0
382,0.7731112376613516,0.11156985573272589,0.10910212604403949,0.006216780561883068,0.0,0.0,0.0,0.0
383,0.7732105562939054,0.11163850389215872,0.10907537497626732,0.006075564837668502,0.0,0.0,0.0,0.0
384,0.7733010630220197,0.11156985573272589,0.10900721336370539,0.006121867881548975,0.0,0.0,0.0,0.0
385,0.7728955110562779,0.11217614121666508,0.10880706083325424,0.0061212868938027905,0.0,0.0,0.0,0.0
386,0.7722744093367492,0.11229718189581554,0.1092608406869722,0.006167568080463042,0.0,0.0,0.0,0.0
387,0.7717783260580755,0.11221294363256785,0.10993547162649459,0.006073258682862023,0.0,0.0,0.0,0.0
388,0.7710151802656546,0.11261859582542695,0.11024667931688804,0.006119544592030361,0.0,0.0,0.0,0.0
389,0.7699240986717267,0.11309297912713473,0.11091081593927894,0.0060721062618595825,0.0,0.0,0.0,0.0
390,0.7704638148534573,0.11282367447595561,0.11054728255714692,0.006165228113440197,0.0,0.0,0.0,0.0
391,0.7709380631698758,0.11277624964431376,0.11016788390401214,0.006117803281798349,0.0,0.0,0.0,0.0
392,0.7719963951999241,0.11227054973201157,0.10975667599487739,0.005976379073186928,0.0,0.0,0.0,0.0
393,0.7714407623382165,0.11264400512018205,0.10975205044327502,0.006163182098326459,0.0,0.0,0.0,0.0
394,0.7710249360007585,0.11287569925097184,0.10993647482696502,0.006162889921304636,0.0,0.0,0.0,0.0
395,0.7711414486158513,0.11262798634812286,0.11006825938566553,0.006162305650360258,0.0,0.0,0.0,0.0
396,0.7707404949274675,0.11278088555987485,0.11041054328244998,0.006068076230207642,0.0,0.0,0.0,0.0
397,0.7707365627073657,0.11261730969760167,0.1105318039624609,0.006114323632571808,0.0,0.0,0.0,0.0
398,0.7702587432470855,0.1126433513411051,0.11093735190977158,0.006160553502037721,0.0,0.0,0.0,0.0
399,0.7704335465529495,0.11257995735607676,0.11082681828950486,0.006159677801468846,0.0,0.0,0.0,0.0
400,0.7705570291777188,0.1132057597574839,0.10998484274346343,0.006252368321333838,0.0,0.0,0.0,0.0
401,0.7696605274371479,0.11334690592301501,0.11060082382462952,0.006391742815207613,0.0,0.0,0.0,0.0
402,0.7687902309731163,0.11368799697084438,0.11103748580083302,0.006484286255206361,0.0,0.0,0.0,0.0
403,0.767895160145716,0.11425462459194777,0.11122675876425225,0.006623456498083929,0.0,0.0,0.0,0.0
404,0.7678225081602725,0.11448034438715171,0.11107431761199678,0.006622829840579024,0.0,0.0,0.0,0.0
405,0.7675353544908481,0.1145532800454051,0.11124249160478646,0.006668873858960413,0.0,0.0,0.0,0.0
406,0.766964581264482,0.11509906842578144,0.1112214498510427,0.006714900458693904,0.0,0.0,0.0,0.0
407,0.7661042582352663,0.1151755754052649,0.11177276808922917,0.006947398270239614,0.0,0.0,0.0,0.0
408,0.765912205263904,0.11553182441052781,0.11156263289703729,0.0069933374285309265,0.0,0.0,0.0,0.0
409,0.765817700704059,0.11553182441052781,0.1117043897368048,0.00694608514860842,0.0,0.0,0.0,0.0
410,0.7657453342782896,0.11537916371367825,0.11193007323411293,0.0069454287739192065,0.0,0.0,0.0,0.0
411,0.7651754924653975,0.11606594548632435,0.11176720676460862,0.006991355283669517,0.0,0.0,0.0,0.0
412,0.7652420306965761,0.11626918536009445,0.11140495867768595,0.0070838252656434475,0.0,0.0,0.0,0.0
413,0.7648642266824085,0.11631641086186541,0.1117827626918536,0.0070365997638724915,0.0,0.0,0.0,0.0
414,0.764461444019455,0.11668319403126033,0.1118194267365538,0.007035935212730793,0.0,0.0,0.0,0.0
415,0.7646725530006138,0.11671939185041787,0.11157278436186789,0.00703527078710043,0.0,0.0,0.0,0.0
416,0.7646947736178651,0.11689721920589208,0.111373400689297,0.007034606486945848,0.0,0.0,0.0,0.0
417,0.7642894227592392,0.11639212724784066,0.11219143814603294,0.0071270118468872426,0.0,0.0,0.0,0.0
418,0.7638816813700052,0.1169976883521253,0.11180827475586168,0.0073123555220078315,0.0,0.0,0.0,0.0
419,0.7641398179159394,0.11703382235011085,0.11151469408934384,0.0073116656446058775,0.0,0.0,0.0,0.0
420,0.7633602188576011,0.11735295504929012,0.11197585019574548,0.007310975897363332,0.0,0.0,0.0,0.0
421,0.7636432243762087,0.11716428470355172,0.11192868260931088,0.00726380831092873,0.0,0.0,0.0,0.0
422,0.7636406507899081,0.11648196180146192,0.1125677906154209,0.007309596793209149,0.0,0.0,0.0,0.0
423,0.7643231008629227,0.11623520535672184,0.11213278634413165,0.0073089074362238885,0.0,0.0,0.0,0.0
424,0.764888951761211,0.11618805111519781,0.1116612439288914,0.007261753194699863,0.0,0.0,0.0,0.0
425,0.7646171256129762,0.11651263674085251,0.11165597887589589,0.007214258770275368,0.0,0.0,0.0,0.0
426,0.7645672260984349,0.11663209504054309,0.11154063737507071,0.007260041485951349,0.0,0.0,0.0,0.0
427,0.7642011973789657,0.11648517418564087,0.11210107009852449,0.007212558336868901,0.0,0.0,0.0,0.0
428,0.7644729398453706,0.11601923439562511,0.11238921365264945,0.0071186121063548935,0.0,0.0,0.0,0.0
429,0.763956997359487,0.11646548472274613,0.11259901923802339,0.006978498679743493,0.0,0.0,0.0,0.0
430,0.7637186498208561,0.1168206675466717,0.1124363567791816,0.007024325853290591,0.0,0.0,0.0,0.0
431,0.7639406080603347,0.11680414800848456,0.11218477492340326,0.007070469007777516,0.0,0.0,0.0,0.0
432,0.7642261090943379,0.11663759370138135,0.1122059308849182,0.006930366319362595,0.0,0.0,0.0,0.0
433,0.7642234268206458,0.11656846570822531,0.1122319113834551,0.006976196087673816,0.0,0.0,0.0,0.0
434,0.764212312623739,0.1168096540020741,0.11209578580182898,0.0068822475723578766,0.0,0.0,0.0,0.0
435,0.7632756914668049,0.11699571219902935,0.1127079112283843,0.007020685105781464,0.0,0.0,0.0,0.0
436,0.7644620312794422,0.11701526286037309,0.11145656679856793,0.0070661390616167325,0.0,0.0,0.0,0.0
437,0.7645451547557356,0.11678522636265135,0.11169736656145475,0.006972252320158289,0.0,0.0,0.0,0.0
438,0.7647003392385978,0.1168017338861666,0.11166603844704108,0.006831888428194497,0.0,0.0,0.0,0.0
439,0.76477240599378,0.11709546696824051,0.11139383658467628,0.006738290453303176,0.0,0.0,0.0,0.0
440,0.764442559607954,0.11704834605597965,0.11181792479502403,0.0066911695410423145,0.0,0.0,0.0,0.0
441,0.7636389333835861,0.11778008103269574,0.11184396494864789,0.006737020635070197,0.0,0.0,0.0,0.0
442,0.7645535041446873,0.11704031650339111,0.11157686510926902,0.0068293142426526,0.0,0.0,0.0,0.0
443,0.7645258498917036,0.11700725115359262,0.11154534325266033,0.006921555702043507,0.0,0.0,0.0,0.0
444,0.7640523491196686,0.11736183033612654,0.11161849166745128,0.006967328876753601,0.0,0.0,0.0,0.0
445,0.7647363465160075,0.11765536723163841,0.11073446327683616,0.00687382297551789,0.0,0.0,0.0,0.0
446,0.7649717514124293,0.11765536723163841,0.11054613935969868,0.006826741996233522,0.0,0.0,0.0,0.0
447,0.7648554477822771,0.11780770317355684,0.1106036349938789,0.006733214050287221,0.0,0.0,0.0,0.0
448,0.7653455093202787,0.11753906985501789,0.110289964225193,0.00682545659951045,0.0,0.0,0.0,0.0
449,0.7650851925068248,0.11781041137155229,0.11027958203897203,0.006824814082650852,0.0,0.0,0.0,0.0
450,0.7648027864068531,0.11795161442153818,0.11046785277228655,0.006777746399322226,0.0,0.0,0.0,0.0
451,0.7646588235294117,0.11849411764705882,0.1100235294117647,0.006823529411764706,0.0,0.0,0.0,0.0
452,0.7651073042168675,0.11850527108433735,0.10965737951807229,0.006730045180722892,0.0,0.0,0.0,0.0
453,0.7653896837349398,0.11822289156626506,0.10970444277108433,0.006682981927710843,0.0,0.0,0.0,0.0
454,0.7660895747083176,0.11836657884832517,0.10872224313135115,0.006821603312006022,0.0,0.0,0.0,0.0
455,0.7669363944298081,0.11770794128716598,0.10858110651110275,0.006774557771923222,0.0,0.0,0.0,0.0
456,0.766977050413845,0.11818096313017307,0.10792889390519188,0.006913092550790068,0.0,0.0,0.0,0.0
457,0.7666227781435154,0.11831091883758112,0.10815386062259005,0.0069124423963133645,0.0,0.0,0.0,0.0
458,0.7665757547258535,0.1184990125082291,0.10805981378726606,0.006865418978651368,0.0,0.0,0.0,0.0
459,0.7662465908022195,0.1185460359258911,0.10838897771090003,0.006818395560989373,0.0,0.0,0.0,0.0
460,0.7665757547258535,0.1185460359258911,0.10810683720492806,0.006771372143327377,0.0,0.0,0.0,0.0
461,0.7661275155162686,0.11858190709046455,0.10851984201617454,0.006770735377092345,0.0,0.0,0.0,0.0
462,0.7668876040050768,0.11813096413293847,0.10816527993230857,0.006816151929676115,0.0,0.0,0.0,0.0
463,0.7666463042150274,0.11836849772097176,0.10803063765800479,0.0069545604059959585,0.0,0.0,0.0,0.0
464,0.7672527265889432,0.11832455810455059,0.10770026325686348,0.0067224520496427225,0.0,0.0,0.0,0.0
465,0.7668890350465094,0.11862256882457954,0.10748849008738137,0.006999906041529644,0.0,0.0,0.0,0.0
466,0.7655237200563645,0.11968060122123063,0.10775011742602161,0.007045561296383279,0.0,0.0,0.0,0.0
467,0.7651120191630266,0.12009769386125593,0.10779202479921093,0.0069982621765065055,0.0,0.0,0.0,0.0
468,0.7653137918075912,0.11964487034949267,0.10813603908305149,0.006905298759864713,0.0,0.0,0.0,0.0
469,0.7657805748637986,0.11915273342100319,0.10811572421566785,0.0069509674995303404,0.0,0.0,0.0,0.0
470,0.76634416682322,0.11863610745820026,0.10811572421566785,0.006904001502911892,0.0,0.0,0.0,0.0
471,0.7666118807231744,0.11871331298426861,0.10777177741253816,0.006903028880018784,0.0,0.0,0.0,0.0
472,0.7662410814870447,0.11889785955689072,0.10782012767555389,0.007040931280510703,0.0,0.0,0.0,0.0
473,0.765796638813257,0.11904985447375833,0.10820580227208713,0.006947704440897568,0.0,0.0,0.0,0.0
474,0.7656279331706402,0.11920405481509293,0.10812840247794256,0.007039609536324386,0.0,0.0,0.0,0.0
475,0.7658236756908929,0.118941491108713,0.10814995542626565,0.007084877774128466,0.0,0.0,0.0,0.0
476,0.7657767559705344,0.11917608971050532,0.10800919626519026,0.007037958053769999,0.0,0.0,0.0,0.0
477,0.765470326061459,0.11939948393150364,0.10809289232934553,0.007037297677691766,0.0,0.0,0.0,0.0
478,0.7649293990711639,0.11985739081484262,0.1081765726884646,0.00703663742552892,0.0,0.0,0.0,0.0
479,0.764904545241334,0.1199868661757118,0.10807261128570758,0.007035977297246587,0.0,0.0,0.0,0.0
480,0.765470326061459,0.11986863711001643,0.10776448510438658,0.006896551724137931,0.0,0.0,0.0,0.0
481,0.7660552610592485,0.11971665806633204,0.10733217619740114,0.006895904677018342,0.0,0.0,0.0,0.0
482,0.7658646404952864,0.11978800243891,0.10740584400356457,0.006941513062239107,0.0,0.0,0.0,0.0
483,0.7667307602119777,0.12010505088402194,0.1062233269239788,0.006940861980021573,0.0,0.0,0.0,0.0
484,0.7669902912621359,0.12016321936119319,0.10599878054500259,0.006847708831668308,0.0,0.0,0.0,0.0
485,0.7673655081844191,0.11983490455419539,0.10599878054500259,0.006800806716382909,0.0,0.0,0.0,0.0
486,0.7677407251067023,0.1198818066694808,0.10562356362271938,0.006753904601097509,0.0,0.0,0.0,0.0
487,0.7679249706916764,0.11976553341148886,0.10550996483001172,0.006799531066822978,0.0,0.0,0.0,0.0
488,0.767759178506119,0.11980119097857177,0.10564073709382472,0.006798893421484503,0.0,0.0,0.0,0.0
489,0.7678998452665635,0.11980119097857177,0.10554695925352839,0.006752004501336334,0.0,0.0,0.0,0.0
490,0.7677089681683934,0.11982560592564812,0.10566780741643617,0.006797618489522292,0.0,0.0,0.0,0.0
491,0.7669775507334677,0.12002624548905656,0.10610676290012654,0.006889440877349206,0.0,0.0,0.0,0.0
492,0.7662136832239925,0.12019681349578257,0.10670103092783505,0.006888472352389878,0.0,0.0,0.0,0.0
493,0.7669165885660731,0.11982193064667292,0.1064198687910028,0.006841611996251172,0.0,0.0,0.0,0.0
494,0.7674538468747072,0.11962327804329491,0.10608190422640802,0.006840970855589917,0.0,0.0,0.0,0.0
495,0.767734982663293,0.11981070190235217,0.10566020054352919,0.006794114890825602,0.0,0.0,0.0,0.0
496,0.7679224065223503,0.1195764220785306,0.10575391247305782,0.0067472589260612875,0.0,0.0,0.0,0.0
497,0.7682178171423216,0.11926519518252963,0.10586250527203711,0.006654482403111673,0.0,0.0,0.0,0.0
498,0.768697282099344,0.11944704779756327,0.10520149953139644,0.006654170571696345,0.0,0.0,0.0,0.0
499,0.7685783900290507,0.1195764220785306,0.10519164089588605,0.006653546996532658,0.0,0.0,0.0,0.0
500,0.7686937781109445,0.11970577211394302,0.10494752623688156,0.006652923538230884,0.0,0.0,0.0,0.0
501,0.7681784107946027,0.1199400299850075,0.10527548725637181,0.006606071964017991,0.0,0.0,0.0,0.0
502,0.7676597339329211,0.11982387108862656,0.10586471800637062,0.006651676972081694,0.0,0.0,0.0,0.0
503,0.7675442705893376,0.11997563946406821,0.10592148411880446,0.006558605827789749,0.0,0.0,0.0,0.0
504,0.7677927189242375,0.11966452701119805,0.1060769338893314,0.006465820175233098,0.0,0.0,0.0,0.0
505,0.7677534195240772,0.12005808506651677,0.10567734682405847,0.006511148585347574,0.0,0.0,0.0,0.0
506,0.7671913059771407,0.12024545624882893,0.10609893198426082,0.006464305789769534,0.0,0.0,0.0,0.0
507,0.7670835089691349,0.12022856072315113,0.10617769659500725,0.006510233712706665,0.0,0.0,0.0,0.0
508,0.7677207776996955,0.11965331459358164,0.10630124150855001,0.006324666198172874,0.0,0.0,0.0,0.0
509,0.7677927189242375,0.11919598931734059,0.1067797404301176,0.006231551328304362,0.0,0.0,0.0,0.0
510,0.767389573282121,0.11944353365497214,0.1068434118694084,0.006323481193498524,0.0,0.0,0.0,0.0
511,0.7674222555264144,0.11947358561258899,0.10678156612963657,0.00632259273136006,0.0,0.0,0.0,0.0
512,0.7679625292740047,0.11939110070257611,0.10641686182669789,0.006229508196721312,0.0,0.0,0.0,0.0
513,0.7677609703554535,0.11965531775394558,0.10635507891162835,0.006228632978972509,0.0,0.0,0.0,0.0
514,0.7679985011007542,0.1195840554592721,0.10632816525364186,0.006089278186331913,0.0,0.0,0.0,0.0
515,0.7685571114129163,0.1194679904463073,0.1058399288156231,0.006134969325153374,0.0,0.0,0.0,0.0
516,0.7692343713416062,0.11866073519082182,0.10597049871224537,0.006134394755326621,0.0,0.0,0.0,0.0
517,0.769346004400543,0.11853377650859043,0.10589391882402509,0.00622630026684144,0.0,0.0,0.0,0.0
518,0.7689463090389926,0.1187099190188644,0.1061180545803492,0.006225717361793756,0.0,0.0,0.0,0.0
519,0.7678663359385969,0.11896850283146909,0.1068938082089203,0.006271353021013713,0.0,0.0,0.0,0.0
520,0.7684314000842578,0.11847586949398493,0.10696063286991528,0.00613209755184197,0.0,0.0,0.0,0.0
521,0.7693244065733414,0.11765532094199167,0.10702748256004495,0.005992789924621939,0.0,0.0,0.0,0.0
522,0.7690434945456248,0.11807668898356664,0.10693384521747273,0.00594597125333583,0.0,0.0,0.0,0.0
523,0.7694180439159136,0.1178425956271361,0.1068402078749005,0.005899152582049721,0.0,0.0,0.0,0.0
524,0.7696016477086551,0.11730562186958761,0.10714787248981884,0.005944857931938398,0.0,0.0,0.0,0.0
525,0.7696232155394337,0.11738825181371401,0.10704423121928387,0.005944301427568453,0.0,0.0,0.0,0.0
526,0.7692019658319682,0.11785630704423122,0.10704423121928387,0.005897495904516733,0.0,0.0,0.0,0.0
527,0.7692919649960223,0.11745987177687305,0.1073049744957649,0.005943188731339791,0.0,0.0,0.0,0.0
528,0.7693135557531234,0.11707454026484489,0.10766927144260914,0.005942632539422582,0.0,0.0,0.0,0.0
529,0.7680217055714085,0.11755625204659213,0.1083875192964401,0.006034523085559246,0.0,0.0,0.0,0.0
530,0.768061725508534,0.1176525602057517,0.10811316343231236,0.0061725508534019174,0.0,0.0,0.0,0.0
531,0.7673070630580097,0.11821623895666807,0.10816622259617632,0.006310475389145982,0.0,0.0,0.0,0.0
532,0.7667928761744496,0.11830972748095171,0.10863366521759454,0.0062637311270041605,0.0,0.0,0.0,0.0
533,0.7656432543576802,0.11883732884714239,0.10916397962521614,0.006355437169961213,0.0,0.0,0.0,0.0
534,0.7645189926645797,0.11951595570714386,0.10956407980189693,0.00640097182637948,0.0,0.0,0.0,0.0
535,0.7644448596384698,0.11934233266383297,0.1097202111261619,0.006492596571535335,0.0,0.0,0.0,0.0
536,0.7642443489631983,0.11923220623949188,0.11003175789277041,0.006491686904539511,0.0,0.0,0.0,0.0
537,0.7643077210344505,0.11908318551022314,0.10993371300532163,0.006675380450004668,0.0,0.0,0.0,0.0
538,0.7646564600448096,0.11925877520537714,0.10941000746825989,0.006674757281553398,0.0,0.0,0.0,0.0
539,0.7640470412544335,0.11951652044054509,0.10971625910024267,0.006720179204778794,0.0,0.0,0.0,0.0
540,0.764357359458829,0.11896431070678797,0.10986703988803359,0.006811289946349428,0.0,0.0,0.0,0.0
541,0.7644176931690929,0.11888764464352371,0.11002239641657335,0.006672265770810004,0.0,0.0,0.0,0.0
542,0.7649967347700345,0.11852784774699132,0.10971172684019032,0.006763690642783842,0.0,0.0,0.0,0.0
543,0.7644233011519985,0.1186978219299473,0.11011613264306702,0.006762744274987174,0.0,0.0,0.0,0.0
544,0.7644123134328358,0.11842350746268657,0.11049440298507462,0.006669776119402985,0.0,0.0,0.0,0.0
545,0.7647497784618255,0.11860454269856817,0.11002285341168788,0.006622825427918474,0.0,0.0,0.0,0.0
546,0.7648622184920968,0.11889774793677438,0.10952580780528745,0.006714225765841376,0.0,0.0,0.0,0.0
547,0.7655973141844633,0.11871677702135597,0.10906462743635177,0.006621281357828966,0.0,0.0,0.0,0.0
548,0.7664008952301021,0.1181517228516809,0.10887303585583065,0.006574346062386348,0.0,0.0,0.0,0.0
549,0.765931658197753,0.11859586965642627,0.10885273413826861,0.006619738007552095,0.0,0.0,0.0,0.0
550,0.7660219063155441,0.11862036821253787,0.1086926124446516,0.006665113027266372,0.0,0.0,0.0,0.0
551,0.7661339173384278,0.11826103163878664,0.10884860910488793,0.006756441917897582,0.0,0.0,0.0,0.0
552,0.7655252737013744,0.11809923130677848,0.1095737246680643,0.006801770323782903,0.0,0.0,0.0,0.0
553,0.7650347044300554,0.11836772720920483,0.10979643173242651,0.0068011366283132245,0.0,0.0,0.0,0.0
554,0.7651963295915041,0.11826354278261679,0.10973962457496855,0.006800503050910615,0.0,0.0,0.0,0.0
555,0.7653360659555638,0.11826354278261679,0.10964646699892869,0.006753924262890679,0.0,0.0,0.0,0.0
556,0.7654976479903125,0.11783335662055797,0.10991570024684458,0.006753295142284943,0.0,0.0,0.0,0.0
557,0.7658732007266968,0.11771556342292822,0.10979643173242651,0.006614804117948479,0.0,0.0,0.0,0.0
558,0.7661744841399227,0.11719223065815827,0.11001909730308818,0.006614187898830872,0.0,0.0,0.0,0.0
559,0.7662706731889122,0.11702771954344282,0.1102259492196599,0.006475658047985092,0.0,0.0,0.0,0.0
560,0.7660843233170277,0.1175867691590962,0.1098998369438621,0.006429070580013976,0.0,0.0,0.0,0.0
561,0.7659197838542879,0.11734289840219872,0.11030884613592956,0.006428471607583733,0.0,0.0,0.0,0.0
562,0.766152699492244,0.11729631527460754,0.110169096753156,0.006381888479992547,0.0,0.0,0.0,0.0
563,0.7657770946858553,0.11778678217130083,0.11000884914535886,0.00642727399748498,0.0,0.0,0.0,0.0
564,0.7658702435843696,0.11792650551907223,0.1098225513483303,0.0063806995482278426,0.0,0.0,0.0,0.0
565,0.7657275902211874,0.11804423748544819,0.10980209545983702,0.0064260768335273576,0.0,0.0,0.0,0.0
566,0.7655137097900471,0.11819747683999814,0.10977142591127043,0.006517387458684419,0.0,0.0,0.0,0.0
567,0.7657930263954192,0.1182905823751222,0.10944555653833621,0.006470834691122388,0.0,0.0,0.0,0.0
568,0.7657900861065859,0.11836164766115895,0.10933209215731907,0.006516174074936002,0.0,0.0,0.0,0.0
569,0.7651821862348178,0.11880496998464331,0.10945134720089349,0.0065614965796454,0.0,0.0,0.0,0.0
570,0.7649111379919977,0.11900995626686517,0.10942588629384944,0.006653019447287615,0.0,0.0,0.0,0.0
571,0.7655130709833473,0.11861568518001675,0.10917294632058797,0.0066982975160480044,0.0,0.0,0.0,0.0
572,0.7658466260521788,0.11844858856903688,0.10896154025019765,0.006743245128586709,0.0,0.0,0.0,0.0
573,0.7663116774403571,0.11816955773612985,0.10882202483374413,0.0066967399897688695,0.0,0.0,0.0,0.0
574,0.7669054041484513,0.11766347316528696,0.10882708585247884,0.006604036833782904,0.0,0.0,0.0,0.0
575,0.7676387144783964,0.11725036044835124,0.10859960001860379,0.006511325054648621,0.0,0.0,0.0,0.0
576,0.7673099279237386,0.1174145547547082,0.10871890258079517,0.006556614740757963,0.0,0.0,0.0,0.0
577,0.7679036458333334,0.11686197916666667,0.10872395833333333,0.006510416666666667,0.0,0.0,0.0,0.0
578,0.7681253778542529,0.11696042412686602,0.10849648886201925,0.006417709156861833,0.0,0.0,0.0,0.0
579,0.7677965313618822,0.11707816059887478,0.10866229599665225,0.006463012042590785,0.0,0.0,0.0,0.0
580,0.7684582480937325,0.11665426817928212,0.10847126650548633,0.006416217221498977,0.0,0.0,0.0,0.0
581,0.7686872443287468,0.11686500557828189,0.1079862402380067,0.006461509854964671,0.0,0.0,0.0,0.0
582,0.768905414826865,0.11684871020218453,0.10778526609342319,0.0064606088775273065,0.0,0.0,0.0,0.0
583,0.769073506179723,0.11681070532478394,0.10756435275532014,0.006551435740172846,0.0,0.0,0.0,0.0
584,0.7689520624303233,0.11659234485321442,0.1078130806391676,0.006642512077294686,0.0,0.0,0.0,0.0
585,0.7693236714975845,0.11640654031958379,0.10767372723894462,0.006596060943887031,0.0,0.0,0.0,0.0
586,0.7692057594054807,0.11648862052949373,0.10771017185322805,0.006595448211797492,0.0,0.0,0.0,0.0
587,0.7693737223564393,0.11642817320200706,0.10778665675524995,0.006411447686303661,0.0,0.0,0.0,0.0
588,0.7692557837034284,0.11674254390039952,0.1075908204032333,0.0064108519929387715,0.0,0.0,0.0,0.0
589,0.7688521545319466,0.11682763744427935,0.10772659732540862,0.0065936106983655275,0.0,0.0,0.0,0.0
590,0.7699414987464017,0.11663107066579999,0.10683443216640356,0.006592998421394744,0.0,0.0,0.0,0.0
591,0.7698022100473582,0.11639892283406073,0.10725229826353422,0.0065465688550468935,0.0,0.0,0.0,0.0
592,0.7701272170117931,0.11602748630327793,0.10734515739622992,0.006500139288699043,0.0,0.0,0.0,0.0
593,0.7696806535462309,0.11650575566282956,0.10722242851838099,0.006591162272558485,0.0,0.0,0.0,0.0
594,0.7706515685910525,0.1164377204380917,0.10627436421013552,0.006636346760720253,0.0,0.0,0.0,0.0
595,0.7707869339272457,0.1160449146250928,0.10648663697104677,0.0066815144766146995,0.0,0.0,0.0,0.0
596,0.7702940903608869,0.11582707115687911,0.10710641061322942,0.0067724278690045455,0.0,0.0,0.0,0.0
597,0.7713397661903878,0.11546669140842457,0.10651326776767489,0.006680274633512711,0.0,0.0,0.0,0.0
598,0.7719387755102041,0.1151669758812616,0.10616883116883116,0.006725417439703154,0.0,0.0,0.0,0.0
599,0.7726134149735597,0.11485295481955654,0.10590036181463958,0.0066332683922441784,0.0,0.0,0.0,0.0
600,0.7729022681942577,0.1153578551880885,0.10515330024583701,0.006586576371816874,0.0,0.0,0.0,0.0
601,0.7719705050317673,0.11607846774567546,0.10531929694383899,0.006631730278718175,0.0,0.0,0.0,0.0
602,0.7717557605823172,0.1162316287264129,0.10528999953637165,0.006722611154898234,0.0,0.0,0.0,0.0
603,0.7725017389288198,0.1162068166009738,0.10470670067238581,0.006584743797820543,0.0,0.0,0.0,0.0
604,0.7723584774444805,0.11627799156196393,0.10473364550975937,0.006629885483796189,0.0,0.0,0.0,0.0
605,0.7726830172933377,0.11627799156196393,0.10445546849645325,0.006583522648245166,0.0,0.0,0.0,0.0
606,0.773523685918235,0.11537035320292945,0.1044776119402985,0.006628348938537128,0.0,0.0,0.0,0.0
607,0.7728915662650603,0.11561631139944394,0.10477293790546803,0.006719184430027804,0.0,0.0,0.0,0.0
608,0.7730979519970346,0.11555926234825317,0.10462422389027894,0.006718561764433324,0.0,0.0,0.0,0.0
609,0.7734537873523281,0.11558952976604123,0.10423905489923559,0.006717627982395182,0.0,0.0,0.0,0.0
610,0.7725061390909512,0.11638789788259278,0.10448037807533707,0.0066255849511189365,0.0,0.0,0.0,0.0
611,0.7728768011861187,0.1161562340731131,0.10438771255154519,0.006579252189223,0.0,0.0,0.0,0.0
612,0.7726514730405781,0.11612933110987586,0.10459514545117658,0.006624050398369464,0.0,0.0,0.0,0.0
613,0.7724767242577238,0.1158460327018389,0.10509981935244801,0.006577423687989254,0.0,0.0,0.0,0.0
614,0.7728367611636094,0.11561978877153975,0.10505836575875487,0.00648508430609598,0.0,0.0,0.0,0.0
615,0.7729251574657281,0.1155520563171545,0.10499258984809189,0.006530196369025565,0.0,0.0,0.0,0.0
616,0.7729987499421269,0.1152368165192833,0.10514375665540071,0.0066206768831890365,0.0,0.0,0.0,0.0
617,0.7729229345059014,0.1150196713723675,0.10534598472575793,0.006711409395973154,0.0,0.0,0.0,0.0
618,0.7731796509744017,0.11484516039438966,0.10535573762903301,0.0066194510021756236,0.0,0.0,0.0,0.0
619,0.773524647072437,0.11437167322379078,0.10548484147188152,0.006618838231890766,0.0,0.0,0.0,0.0
620,0.7740128685830672,0.1140119427857242,0.10544831736332917,0.006526871267879461,0.0,0.0,0.0,0.0
621,0.7747026426621002,0.11362058592122923,0.10510482713935299,0.006571944277317536,0.0,0.0,0.0,0.0
622,0.7747697718543199,0.11337868480725624,0.10528020732102365,0.006571336017400157,0.0,0.0,0.0,0.0
623,0.7746055249641386,0.11392346490213318,0.10490028226366202,0.00657072787006617,0.0,0.0,0.0,0.0
624,0.7750636132315522,0.11367106176266481,0.10464954892435809,0.0066157760814249365,0.0,0.0,0.0,0.0
625,0.77529493407356,0.11367106176266481,0.10446449225075179,0.006569511913023364,0.0,0.0,0.0,0.0
626,0.7748322923895443,0.11413370344668054,0.10451075641915336,0.006523247744621791,0.0,0.0,0.0,0.0
627,0.7746680853032336,0.11453948281445159,0.10426978766711384,0.006522644215201,0.0,0.0,0.0,0.0
628,0.7745964198159027,0.11397381932559322,0.1049077200610574,0.00652204079744669,0.0,0.0,0.0,0.0
629,0.7747560242356968,0.11405577910364922,0.10466675916932612,0.006521437491327876,0.0,0.0,0.0,0.0
630,0.7746589595375722,0.11384971098265896,0.10492485549132947,0.006566473988439307,0.0,0.0,0.0,0.0
631,0.7743262608052512,0.11417741413581103,0.1047936023667545,0.006702722692183238,0.0,0.0,0.0,0.0
632,0.774511163500208,0.11431609115702861,0.10451624832431933,0.006656497018444044,0.0,0.0,0.0,0.0
633,0.7749526143035458,0.11404928112431233,0.10443345199019925,0.0065646525819425825,0.0,0.0,0.0,0.0
634,0.7749271945638607,0.11426986548328942,0.10423889428188415,0.006564045670965655,0.0,0.0,0.0,0.0
635,0.7751074548227573,0.11397143781485418,0.10431205804871285,0.0066090493136756485,0.0,0.0,0.0,0.0
636,0.7755998335721881,0.1138643613332717,0.10410984235587814,0.006425962738662105,0.0,0.0,0.0,0.0
637,0.7763906228325704,0.11397789799787303,0.10334304341794978,0.006288435751606787,0.0,0.0,0.0,0.0
638,0.776760530817959,0.11388542100152588,0.10311185092708189,0.006242197253433208,0.0,0.0,0.0,0.0
639,0.7768067693161326,0.11388542100152588,0.10311185092708189,0.006195958755259629,0.0,0.0,0.0,0.0
640,0.7761497573376474,0.1138433094522764,0.10367460134042061,0.0063323318696556505,0.0,0.0,0.0,0.0
641,0.7766532649383059,0.1138684782106382,0.10310088266555756,0.006377374185498406,0.0,0.0,0.0,0.0
642,0.7765765765765765,0.11397551397551398,0.10297990297990298,0.006468006468006468,0.0,0.0,0.0,0.0
643,0.7761001062012283,0.1142817564759662,0.10292284249896108,0.006695294823844485,0.0,0.0,0.0,0.0
644,0.7757052495498407,0.11468673530633916,0.10291333856595411,0.006694676577866014,0.0,0.0,0.0,0.0
645,0.7762082814014679,0.11457323547061811,0.10247888104140701,0.006739602086506947,0.0,0.0,0.0,0.0
646,0.7763267189663129,0.11458237194277804,0.10226119058606369,0.006829718504845409,0.0,0.0,0.0,0.0
647,0.7762350661930901,0.11435029291018958,0.10244937497117025,0.0069652659255500715,0.0,0.0,0.0,0.0
648,0.7760608856088561,0.11452952029520296,0.10249077490774908,0.006918819188191882,0.0,0.0,0.0,0.0
649,0.7761021951669433,0.11390887290167866,0.1030252720900203,0.006963659841357683,0.0,0.0,0.0,0.0
650,0.7758509362604926,0.1138271377179227,0.10344986624850105,0.006872059773083664,0.0,0.0,0.0,0.0
651,0.7750530100488614,0.11367198303678436,0.10417626993638794,0.007098736977966258,0.0,0.0,0.0,0.0
652,0.7750841130110153,0.11374844448541273,0.1040696870535097,0.007097755450062221,0.0,0.0,0.0,0.0
653,0.7751970136872667,0.11318493939812894,0.10452094566569888,0.007097101248905479,0.0,0.0,0.0,0.0
654,0.7751970136872667,0.11304668417899442,0.10470528595787824,0.007051016175860639,0.0,0.0,0.0,0.0
655,0.7753098935532925,0.11289802313257453,0.10474171697156813,0.007050366342564859,0.0,0.0,0.0,0.0
656,0.7753559743790609,0.11335883139025851,0.10428090871388415,0.007004285516796461,0.0,0.0,0.0,0.0
657,0.7756324593336713,0.11322058891295332,0.10418874706234736,0.006958204691028063,0.0,0.0,0.0,0.0
658,0.7753098935532925,0.11312842726141653,0.10464955532003134,0.006912123865259665,0.0,0.0,0.0,0.0
659,0.775386033648306,0.11320580778981332,0.10467849734961973,0.00672966121226089,0.0,0.0,0.0,0.0
660,0.7756785401594397,0.11317450808718492,0.10432698953965255,0.00681996221372287,0.0,0.0,0.0,0.0
661,0.7750794894244505,0.1135892355191005,0.10455739366849454,0.006773881387954472,0.0,0.0,0.0,0.0
662,0.7755243143581471,0.11366674348928324,0.10421756165014981,0.006591380502419912,0.0,0.0,0.0,0.0
663,0.7753352689064013,0.11327710954421863,0.10475137103092308,0.006636250518457071,0.0,0.0,0.0,0.0
664,0.7750080634013731,0.11339446159517118,0.10491637100861632,0.006681103994839423,0.0,0.0,0.0,0.0
665,0.7754434462105506,0.11329186823312601,0.10458419718958765,0.0066804883667357755,0.0,0.0,0.0,0.0
666,0.7756070589319449,0.11339446159517118,0.10440952863659402,0.006588950836289914,0.0,0.0,0.0,0.0
667,0.7758120248790601,0.11356830223450817,0.10403132918682331,0.006588343699608385,0.0,0.0,0.0,0.0
668,0.7760829493087558,0.11336405529953918,0.10414746543778802,0.0064055299539170505,0.0,0.0,0.0,0.0
669,0.7760575062206249,0.11321537185512856,0.10432218228734678,0.006404939636899825,0.0,0.0,0.0,0.0
670,0.7763236717201972,0.11275978065526934,0.10460347449426294,0.006313073130270495,0.0,0.0,0.0,0.0
671,0.7768560763168809,0.11281625881377022,0.10410618000829532,0.006221484861053505,0.0,0.0,0.0,0.0
672,0.7768099912438361,0.11286234388681506,0.10415226508134015,0.006175399788008664,0.0,0.0,0.0,0.0
673,0.7770609649324915,0.11312842726141653,0.10363577715312658,0.006174830652965301,0.0,0.0,0.0,0.0
674,0.7779160329969123,0.11304668417899442,0.1029540531821743,0.006083229641918982,0.0,0.0,0.0,0.0
675,0.7775883518407594,0.11334838501589642,0.10293507809980187,0.006128185043542367,0.0,0.0,0.0,0.0
676,0.7776907482491706,0.11325101363803908,0.10297640987836343,0.006081828234426834,0.0,0.0,0.0,0.0
677,0.7782180042384594,0.11324057864185018,0.10246014926748365,0.006081267852206763,0.0,0.0,0.0,0.0
678,0.7779620416436337,0.11350654136723788,0.10245070941588355,0.006080707573244887,0.0,0.0,0.0,0.0
679,0.7777777777777778,0.11336834346784595,0.10281923714759536,0.0060346416067809105,0.0,0.0,0.0,0.0
680,0.7778391820945012,0.11301464492953854,0.10302109238279451,0.0061250805931656995,0.0,0.0,0.0,0.0
681,0.776826405192653,0.11388850527091102,0.10302444413755006,0.006260645398885973,0.0,0.0,0.0,0.0
682,0.7768420083759032,0.11362695015877398,0.10318008191817386,0.006350959547148972,0.0,0.0,0.0,0.0
683,0.7765046935394809,0.11379532486655623,0.10334989876679551,0.006350082827167311,0.0,0.0,0.0,0.0
684,0.7767142199723884,0.11352968246663599,0.10349746893695352,0.00625862862402209,0.0,0.0,0.0,0.0
685,0.7767959869299094,0.11367297160476782,0.1033641677021492,0.006166873763173639,0.0,0.0,0.0,0.0
686,0.7765967237253819,0.11374930977360574,0.10348794404564697,0.00616602245536536,0.0,0.0,0.0,0.0
687,0.7762031839514125,0.1140149075181743,0.103616453483022,0.006165455047391184,0.0,0.0,0.0,0.0
688,0.7771028897478373,0.1138873550524572,0.10293576293024112,0.006073992269464384,0.0,0.0,0.0,0.0
689,0.7769853685469771,0.11396889665961167,0.1029723014631453,0.006073433330265943,0.0,0.0,0.0,0.0
690,0.7763569457221711,0.11416743330266789,0.10331186752529899,0.006163753449862005,0.0,0.0,0.0,0.0
691,0.7759429622815087,0.11439742410303588,0.10354185832566698,0.0061177552897884084,0.0,0.0,0.0,0.0
692,0.7761269549218032,0.11402943882244711,0.10377184912603496,0.0060717571297148115,0.0,0.0,0.0,0.0
693,0.7766994756692117,0.113421028424248,0.10380829730475577,0.006071198601784565,0.0,0.0,0.0,0.0
694,0.7766074878116088,0.113421028424248,0.10394627909115997,0.006025204672983166,0.0,0.0,0.0,0.0
695,0.7765566081118367,0.1135381219534627,0.10383518808056653,0.006070081854134094,0.0,0.0,0.0,0.0
696,0.7761633253632518,0.11398749310281406,0.10377965789957697,0.0060695236343571825,0.0,0.0,0.0,0.0
697,0.7766740250183959,0.11400846210448859,0.10338484179543782,0.005932671081677704,0.0,0.0,0.0,0.0
698,0.7760459770114942,0.11439080459770115,0.10354022988505747,0.006022988505747126,0.0,0.0,0.0,0.0
699,0.7752803824232396,0.11422136422136422,0.10438499724214009,0.006113256113256113,0.0,0.0,0.0,0.0
700,0.7753010386984098,0.11425682507583418,0.10432944204430554,0.006112694181450501,0.0,0.0,0.0,0.0
701,0.7752504365407591,0.11464938884293722,0.1039426523297491,0.006157522286554544,0.0,0.0,0.0,0.0
702,0.7756386693622496,0.11473074802426024,0.10347362617165962,0.006156956441830546,0.0,0.0,0.0,0.0
703,0.7757662087028443,0.11464412075541056,0.10352433028534669,0.006065340256398474,0.0,0.0,0.0,0.0
704,0.7749138525155066,0.1151389846083161,0.10388237996783828,0.006064782908339076,0.0,0.0,0.0,0.0
705,0.7748426517204944,0.11512840538429733,0.10396471723250793,0.006064225662700418,0.0,0.0,0.0,0.0
