time,population_size,deaths,births,sex_f,sex_m,bt_pt-O,bt_pt-A,bt_pt-B,bt_pt-AB,btrf_pt-O+,btrf_pt-A+,btrf_pt-B+,btrf_pt-AB+,btrf_pt-O-,btrf_pt-A-,btrf_pt-B-,btrf_pt-AB-,[0.0-10.0),[10.0-20.0),[20.0-30.0),[30.0-40.0),[40.0-50.0),[50.0-60.0),[60.0-70.0),[70.0-80.0),[80.0-90.0),[90.0-100.0),[100.0)
1,20002,263,265,10076,9926,20002,0,0,0,20002,0,0,0,0,0,0,0,3816,3887,4023,3994,3927,355,0,0,0,0,0
2,20003,264,265,10075,9928,20003,0,0,0,20003,0,0,0,0,0,0,0,3655,3878,3979,3952,3842,697,0,0,0,0,0
3,20005,264,266,10065,9940,20005,0,0,0,20005,0,0,0,0,0,0,0,3485,3878,3940,3902,3785,1015,0,0,0,0,0
4,20007,263,265,10058,9949,20007,0,0,0,20007,0,0,0,0,0,0,0,3322,3883,3876,3898,3723,1305,0,0,0,0,0
5,20010,263,266,10051,9959,20010,0,0,0,20010,0,0,0,0,0,0,0,3208,3838,3877,3842,3685,1560,0,0,0,0,0
6,20012,263,265,10056,9956,20012,0,0,0,20012,0,0,0,0,0,0,0,3058,3817,3878,3818,3621,1820,0,0,0,0,0
7,20014,263,265,10054,9960,20014,0,0,0,20014,0,0,0,0,0,0,0,2921,3807,3851,3762,3579,2094,0,0,0,0,0
8,20016,264,266,10064,9952,20016,0,0,0,20016,0,0,0,0,0,0,0,2795,3817,3805,3754,3531,2314,0,0,0,0,0
9,20017,264,265,10061,9956,20017,0,0,0,20017,0,0,0,0,0,0,0,2709,3756,3776,3751,3504,2521,0,0,0,0,0
10,20019,263,265,10077,9942,20019,0,0,0,20019,0,0,0,0,0,0,0,2578,3745,3707,3794,3484,2711,0,0,0,0,0
11,20021,264,266,10078,9943,20021,0,0,0,20021,0,0,0,0,0,0,0,2579,3608,3709,3774,3455,2712,184,0,0,0,0
12,20023,264,266,10089,9934,20023,0,0,0,20023,0,0,0,0,0,0,0,2587,3473,3698,3745,3442,2696,382,0,0,0,0
13,20025,264,266,10077,9948,20025,0,0,0,20025,0,0,0,0,0,0,0,2590,3316,3704,3738,3427,2709,541,0,0,0,0
14,20027,264,266,10064,9963,20027,0,0,0,20027,0,0,0,0,0,0,0,2600,3166,3715,3686,3445,2692,723,0,0,0,0
15,20029,264,266,10061,9968,20029,0,0,0,20029,0,0,0,0,0,0,0,2608,3061,3679,3693,3415,2739,834,0,0,0,0
16,20031,264,266,10061,9970,20031,0,0,0,20031,0,0,0,0,0,0,0,2613,2934,3666,3689,3393,2741,995,0,0,0,0
17,20033,264,266,10066,9967,20033,0,0,0,20033,0,0,0,0,0,0,0,2621,2794,3677,3666,3356,2748,1171,0,0,0,0
18,20035,264,266,10087,9948,20035,0,0,0,20035,0,0,0,0,0,0,0,2618,2684,3694,3630,3354,2770,1285,0,0,0,0
19,20037,264,266,10083,9954,20037,0,0,0,20037,0,0,0,0,0,0,0,2621,2610,3632,3618,3367,2784,1405,0,0,0,0
20,20039,264,266,10068,9971,20039,0,0,0,20039,0,0,0,0,0,0,0,2625,2495,3625,3563,3433,2802,1496,0,0,0,0
21,20041,264,266,10071,9970,20041,0,0,0,20041,0,0,0,0,0,0,0,2628,2509,3496,3568,3447,2799,1525,69,0,0,0
22,20043,264,266,10087,9956,20043,0,0,0,20043,0,0,0,0,0,0,0,2627,2526,3355,3570,3429,2815,1571,150,0,0,0
23,20045,264,266,10090,9955,20045,0,0,0,20045,0,0,0,0,0,0,0,2632,2528,3212,3584,3432,2820,1605,232,0,0,0
24,20047,264,266,10075,9972,20047,0,0,0,20047,0,0,0,0,0,0,0,2632,2540,3066,3597,3393,2867,1659,293,0,0,0
25,20049,264,266,10063,9986,20049,0,0,0,20049,0,0,0,0,0,0,0,2634,2550,2965,3566,3420,2863,1722,329,0,0,0
26,20051,264,266,10058,9993,20051,0,0,0,20051,0,0,0,0,0,0,0,2631,2553,2853,3553,3430,2866,1769,396,0,0,0
27,20053,264,266,10040,10013,20053,0,0,0,20053,0,0,0,0,0,0,0,2632,2560,2723,3576,3413,2855,1814,480,0,0,0
28,20055,264,266,10029,10026,20055,0,0,0,20055,0,0,0,0,0,0,0,2635,2561,2619,3590,3388,2859,1876,527,0,0,0
29,20057,264,266,10021,10036,20057,0,0,0,20057,0,0,0,0,0,0,0,2636,2575,2550,3527,3391,2880,1893,605,0,0,0
30,20059,264,266,10011,10048,20059,0,0,0,20059,0,0,0,0,0,0,0,2629,2577,2451,3532,3333,2954,1927,656,0,0,0
31,20061,264,266,10009,10052,20061,0,0,0,20061,0,0,0,0,0,0,0,2632,2579,2466,3410,3353,2976,1946,683,16,0,0
32,20063,264,266,10006,10057,20063,0,0,0,20063,0,0,0,0,0,0,0,2635,2577,2487,3281,3360,2979,1989,730,25,0,0
33,20065,264,266,10003,10062,20065,0,0,0,20065,0,0,0,0,0,0,0,2637,2586,2484,3153,3375,2987,2022,784,37,0,0
34,20067,264,266,9998,10069,20067,0,0,0,20067,0,0,0,0,0,0,0,2641,2588,2502,3014,3397,2979,2081,815,50,0,0
35,20070,264,267,10005,10065,20070,0,0,0,20070,0,0,0,0,0,0,0,2643,2591,2513,2923,3384,3011,2093,865,47,0,0
36,20072,265,267,10013,10059,20072,0,0,0,20072,0,0,0,0,0,0,0,2646,2595,2517,2817,3376,3045,2105,912,59,0,0
37,20075,264,267,10013,10062,20075,0,0,0,20075,0,0,0,0,0,0,0,2645,2599,2522,2686,3400,3063,2140,960,60,0,0
38,20078,264,267,10003,10075,20078,0,0,0,20078,0,0,0,0,0,0,0,2648,2603,2527,2582,3424,3058,2151,1017,68,0,0
39,20079,265,266,10027,10052,20079,0,0,0,20079,0,0,0,0,0,0,0,2648,2599,2542,2514,3368,3085,2175,1063,85,0,0
40,20081,264,266,10005,10076,20081,0,0,0,20081,0,0,0,0,0,0,0,2651,2590,2546,2417,3373,3047,2261,1109,87,0,0
41,20083,264,266,9985,10098,20083,0,0,0,20083,0,0,0,0,0,0,0,2648,2594,2553,2427,3271,3061,2294,1131,104,0,0
42,20086,264,267,9984,10102,20086,0,0,0,20086,0,0,0,0,0,0,0,2649,2595,2551,2457,3141,3072,2332,1168,121,0,0
43,20088,265,267,9995,10093,20088,0,0,0,20088,0,0,0,0,0,0,0,2651,2598,2557,2453,3020,3112,2354,1209,134,0,0
44,20090,264,266,10003,10087,20090,0,0,0,20090,0,0,0,0,0,0,0,2648,2603,2555,2468,2896,3129,2367,1281,143,0,0
45,20092,265,267,10014,10078,20092,0,0,0,20092,0,0,0,0,0,0,0,2648,2605,2557,2484,2810,3113,2399,1318,158,0,0
46,20094,264,266,10025,10069,20094,0,0,0,20094,0,0,0,0,0,0,0,2649,2606,2560,2486,2714,3119,2453,1338,169,0,0
47,20097,264,267,10018,10079,20097,0,0,0,20097,0,0,0,0,0,0,0,2651,2612,2562,2490,2588,3147,2491,1379,177,0,0
48,20100,264,267,10016,10084,20100,0,0,0,20100,0,0,0,0,0,0,0,2651,2611,2569,2494,2496,3182,2500,1390,207,0,0
49,20102,265,267,10029,10073,20102,0,0,0,20102,0,0,0,0,0,0,0,2651,2620,2567,2507,2432,3123,2549,1440,213,0,0
50,20104,265,267,10031,10073,20104,0,0,0,20104,0,0,0,0,0,0,0,2651,2628,2561,2518,2344,3127,2532,1509,234,0,0
51,20106,265,267,10017,10089,20106,0,0,0,20106,0,0,0,0,0,0,0,2651,2627,2567,2526,2363,3035,2562,1534,241,0,0
52,20108,265,267,10036,10072,20108,0,0,0,20108,0,0,0,0,0,0,0,2653,2626,2568,2528,2396,2930,2573,1580,254,0,0
53,20110,265,267,10061,10049,20110,0,0,0,20110,0,0,0,0,0,0,0,2657,2628,2570,2532,2403,2822,2621,1619,258,0,0
54,20112,265,267,10046,10066,20112,0,0,0,20112,0,0,0,0,0,0,0,2657,2626,2576,2528,2415,2710,2654,1635,311,0,0
55,20114,265,267,10046,10068,20114,0,0,0,20114,0,0,0,0,0,0,0,2656,2627,2582,2533,2425,2633,2656,1683,319,0,0
56,20116,265,267,10052,10064,20116,0,0,0,20116,0,0,0,0,0,0,0,2657,2630,2588,2540,2432,2547,2642,1754,325,1,0
57,20118,265,267,10041,10077,20118,0,0,0,20118,0,0,0,0,0,0,0,2655,2632,2595,2542,2437,2442,2695,1764,355,1,0
58,20120,265,267,10044,10076,20120,0,0,0,20120,0,0,0,0,0,0,0,2655,2634,2593,2552,2441,2367,2725,1782,371,0,0
59,20122,265,267,10052,10070,20122,0,0,0,20122,0,0,0,0,0,0,0,2659,2630,2595,2551,2451,2316,2688,1827,405,0,0
60,20124,265,267,10053,10071,20124,0,0,0,20124,0,0,0,0,0,0,0,2659,2631,2601,2541,2469,2231,2720,1843,428,1,0
61,20126,265,267,10041,10085,20126,0,0,0,20126,0,0,0,0,0,0,0,2660,2629,2602,2549,2469,2263,2639,1870,445,0,0
62,20128,265,267,10043,10085,20128,0,0,0,20128,0,0,0,0,0,0,0,2663,2626,2605,2551,2469,2297,2556,1869,492,0,0
63,20130,265,267,10042,10088,20130,0,0,0,20130,0,0,0,0,0,0,0,2664,2627,2606,2555,2478,2308,2460,1931,499,2,0
64,20132,265,267,10040,10092,20132,0,0,0,20132,0,0,0,0,0,0,0,2663,2632,2604,2560,2481,2323,2377,1979,511,2,0
65,20134,265,267,10035,10099,20134,0,0,0,20134,0,0,0,0,0,0,0,2662,2634,2607,2562,2485,2334,2317,1995,538,0,0
66,20136,265,267,10029,10107,20136,0,0,0,20136,0,0,0,0,0,0,0,2662,2636,2610,2565,2492,2335,2261,2000,575,0,0
67,20138,265,267,10027,10111,20138,0,0,0,20138,0,0,0,0,0,0,0,2662,2640,2614,2571,2494,2340,2173,2066,577,1,0
68,20140,265,267,10018,10122,20140,0,0,0,20140,0,0,0,0,0,0,0,2662,2642,2613,2573,2499,2352,2112,2084,603,0,0
69,20142,265,267,10016,10126,20142,0,0,0,20142,0,0,0,0,0,0,0,2660,2648,2612,2577,2495,2365,2080,2073,629,3,0
70,20144,265,267,10036,10108,20144,0,0,0,20144,0,0,0,0,0,0,0,2658,2648,2614,2585,2494,2366,2016,2134,627,2,0
71,20146,265,267,10056,10090,20146,0,0,0,20146,0,0,0,0,0,0,0,2660,2646,2616,2585,2496,2378,2033,2081,648,3,0
72,20148,265,267,10056,10092,20148,0,0,0,20148,0,0,0,0,0,0,0,2660,2650,2617,2587,2503,2378,2074,2030,647,2,0
73,20150,265,267,10048,10102,20150,0,0,0,20150,0,0,0,0,0,0,0,2661,2647,2618,2588,2504,2394,2089,1963,686,0,0
74,20152,265,267,10056,10096,20152,0,0,0,20152,0,0,0,0,0,0,0,2662,2646,2624,2587,2510,2398,2099,1908,717,1,0
75,20154,265,267,10057,10097,20154,0,0,0,20154,0,0,0,0,0,0,0,2664,2641,2628,2597,2513,2393,2121,1874,721,2,0
76,20156,266,268,10047,10109,20156,0,0,0,20156,0,0,0,0,0,0,0,2664,2644,2632,2597,2520,2391,2124,1844,739,1,0
77,20158,265,267,10063,10095,20158,0,0,0,20158,0,0,0,0,0,0,0,2663,2646,2635,2599,2532,2388,2133,1763,798,1,0
78,20160,265,267,10063,10097,20160,0,0,0,20160,0,0,0,0,0,0,0,2666,2645,2635,2597,2534,2394,2150,1712,825,2,0
79,20163,265,268,10069,10094,20163,0,0,0,20163,0,0,0,0,0,0,0,2669,2643,2638,2599,2539,2394,2161,1707,811,2,0
80,20164,266,267,10081,10083,20164,0,0,0,20164,0,0,0,0,0,0,0,2668,2643,2637,2602,2545,2399,2167,1663,838,2,0
81,20166,265,267,10090,10076,20166,0,0,0,20166,0,0,0,0,0,0,0,2668,2646,2635,2604,2544,2401,2185,1684,798,1,0
82,20169,265,268,10109,10060,20169,0,0,0,20169,0,0,0,0,0,0,0,2669,2645,2638,2604,2548,2412,2185,1705,758,5,0
83,20172,265,268,10126,10046,20172,0,0,0,20172,0,0,0,0,0,0,0,2668,2647,2639,2607,2554,2418,2193,1700,745,1,0
84,20175,265,268,10125,10050,20175,0,0,0,20175,0,0,0,0,0,0,0,2669,2648,2636,2613,2551,2426,2194,1709,723,6,0
85,20177,266,268,10129,10048,20177,0,0,0,20177,0,0,0,0,0,0,0,2672,2651,2628,2616,2560,2438,2192,1698,718,4,0
86,20179,266,268,10117,10062,20179,0,0,0,20179,0,0,0,0,0,0,0,2674,2651,2629,2617,2560,2441,2180,1731,689,7,0
87,20181,266,268,10120,10061,20181,0,0,0,20181,0,0,0,0,0,0,0,2674,2651,2634,2618,2565,2457,2172,1751,653,6,0
88,20183,266,268,10115,10068,20183,0,0,0,20183,0,0,0,0,0,0,0,2675,2656,2630,2619,2567,2459,2178,1742,657,0,0
89,20185,266,268,10095,10090,20185,0,0,0,20185,0,0,0,0,0,0,0,2675,2658,2630,2620,2568,2456,2181,1742,654,1,0
90,20187,266,268,10100,10087,20187,0,0,0,20187,0,0,0,0,0,0,0,2674,2657,2633,2621,2567,2457,2177,1747,653,1,0
91,20189,266,268,10139,10050,20189,0,0,0,20189,0,0,0,0,0,0,0,2674,2660,2634,2616,2570,2457,2180,1747,649,2,0
92,20191,266,268,10125,10066,20191,0,0,0,20191,0,0,0,0,0,0,0,2673,2660,2632,2623,2566,2458,2193,1736,649,1,0
93,20193,266,268,10132,10061,20193,0,0,0,20193,0,0,0,0,0,0,0,2673,2662,2632,2627,2571,2457,2193,1744,633,1,0
94,20195,266,268,10130,10065,20195,0,0,0,20195,0,0,0,0,0,0,0,2674,2664,2632,2621,2573,2461,2192,1749,626,3,0
95,20197,266,268,10144,10053,20197,0,0,0,20197,0,0,0,0,0,0,0,2674,2664,2638,2611,2574,2469,2195,1734,634,4,0
96,20199,266,268,10145,10054,20199,0,0,0,20199,0,0,0,0,0,0,0,2674,2665,2641,2613,2572,2477,2200,1709,644,4,0
97,20201,266,268,10142,10059,20201,0,0,0,20201,0,0,0,0,0,0,0,2674,2668,2635,2618,2576,2469,2212,1713,634,2,0
98,20203,266,268,10130,10073,20203,0,0,0,20203,0,0,0,0,0,0,0,2673,2667,2642,2612,2584,2459,2213,1731,618,4,0
99,20205,266,268,10132,10073,20205,0,0,0,20205,0,0,0,0,0,0,0,2672,2665,2644,2609,2584,2462,2209,1734,620,6,0
100,20207,266,268,10155,10052,20207,0,0,0,20207,0,0,0,0,0,0,0,2672,2665,2642,2616,2579,2453,2212,1725,640,3,0
101,20209,266,268,10159,10050,19941,268,0,0,19941,268,0,0,0,0,0,0,2673,2664,2645,2616,2572,2443,2206,1735,654,1,0
102,20211,266,268,10151,10060,19675,536,0,0,19675,536,0,0,0,0,0,0,2672,2665,2642,2616,2580,2443,2207,1749,635,2,0
103,20213,266,268,10136,10077,19409,804,0,0,19409,804,0,0,0,0,0,0,2675,2660,2646,2612,2586,2455,2200,1752,622,5,0
104,20215,266,268,10130,10085,19143,804,268,0,19143,804,268,0,0,0,0,0,2677,2660,2647,2615,2576,2462,2217,1751,605,5,0
105,20217,266,268,10135,10082,18877,804,536,0,18877,804,536,0,0,0,0,0,2677,2664,2647,2621,2566,2475,2220,1758,587,2,0
106,20219,266,268,10143,10076,18611,804,804,0,18611,804,804,0,0,0,0,0,2676,2662,2647,2620,2568,2477,2218,1766,584,1,0
107,20222,266,269,10150,10072,18613,805,804,0,18613,805,804,0,0,0,0,0,2678,2661,2651,2617,2571,2469,2226,1769,580,0,0
108,20225,266,269,10151,10074,18616,805,804,0,18616,805,804,0,0,0,0,0,2679,2661,2653,2621,2562,2465,2239,1756,588,1,0
109,20228,266,269,10166,10062,18619,805,804,0,18619,805,804,0,0,0,0,0,2681,2658,2654,2624,2568,2463,2235,1744,600,1,0
110,20231,266,269,10175,10056,18621,805,805,0,18621,805,805,0,0,0,0,0,2684,2658,2651,2627,2576,2463,2224,1749,597,2,0
111,20234,266,269,10185,10049,18624,805,805,0,18624,805,805,0,0,0,0,0,2684,2659,2646,2632,2576,2465,2216,1765,587,4,0
112,20236,266,268,10187,10049,18626,805,805,0,18626,805,805,0,0,0,0,0,2683,2659,2646,2627,2580,2468,2215,1759,599,0,0
113,20238,266,268,10187,10051,18627,806,805,0,18627,806,805,0,0,0,0,0,2683,2662,2643,2629,2573,2472,2218,1758,598,2,0
114,20240,266,268,10191,10049,18628,807,805,0,18628,807,805,0,0,0,0,0,2683,2668,2639,2632,2574,2479,2207,1759,598,1,0
115,20243,266,269,10193,10050,18630,808,805,0,18630,808,805,0,0,0,0,0,2683,2666,2640,2632,2583,2458,2218,1749,614,0,0
116,20245,267,269,10204,10041,18631,808,806,0,18631,808,806,0,0,0,0,0,2682,2668,2643,2632,2586,2458,2218,1739,618,1,0
117,20248,266,269,10204,10044,18631,809,808,0,18631,809,808,0,0,0,0,0,2683,2671,2641,2634,2584,2464,2210,1737,621,3,0
118,20251,266,269,10194,10057,18629,810,812,0,18629,810,812,0,0,0,0,0,2682,2674,2641,2633,2585,2445,2227,1745,615,4,0
119,20253,267,269,10187,10066,18630,810,813,0,18630,810,813,0,0,0,0,0,2682,2676,2642,2633,2583,2457,2213,1772,595,0,0
120,20255,267,269,10175,10080,18629,813,813,0,18629,813,813,0,0,0,0,0,2683,2678,2643,2633,2584,2465,2210,1774,584,1,0
121,20257,267,269,10172,10085,18618,825,814,0,18618,825,814,0,0,0,0,0,2683,2679,2641,2631,2588,2468,2220,1767,579,1,0
122,20259,267,269,10176,10083,18591,851,817,0,18591,851,817,0,0,1,0,0,2682,2679,2644,2631,2579,2468,2218,1778,579,1,0
123,20261,267,269,10184,10077,18555,886,820,0,18555,886,820,0,0,1,0,0,2681,2677,2651,2624,2586,2467,2225,1763,586,1,0
124,20263,267,269,10176,10087,18519,917,827,0,18519,917,827,0,1,1,0,0,2683,2675,2659,2621,2588,2477,2229,1751,578,2,0
125,20265,267,269,10183,10082,18471,947,848,1,18471,947,848,1,2,1,0,0,2683,2672,2661,2627,2588,2478,2224,1766,565,1,0
126,20267,267,269,10209,10058,18414,983,874,4,18414,983,874,4,2,4,2,2,2685,2671,2661,2627,2590,2486,2223,1749,572,3,0
127,20269,267,269,10238,10031,18364,1013,899,7,18364,1013,899,7,2,4,3,2,2684,2673,2664,2617,2591,2491,2230,1741,576,2,0
128,20271,267,269,10261,10010,18310,1039,932,10,18310,1039,932,10,3,6,3,2,2685,2667,2668,2621,2586,2495,2219,1749,581,0,0
129,20273,267,269,10270,10003,18258,1062,965,12,18258,1062,965,12,6,8,4,2,2683,2669,2669,2623,2585,2492,2206,1765,581,0,0
130,20275,267,269,10273,10002,18199,1099,989,12,18199,1099,989,12,9,10,4,2,2684,2668,2673,2623,2577,2493,2217,1758,582,0,0
131,20277,267,269,10272,10005,18149,1119,1021,12,18149,1119,1021,12,10,12,4,2,2686,2667,2670,2624,2577,2496,2216,1754,586,1,0
132,20279,267,269,10252,10027,18081,1170,1042,14,18081,1170,1042,14,10,15,4,2,2687,2665,2670,2628,2581,2483,2219,1765,581,0,0
133,20281,267,269,10244,10037,18022,1204,1072,17,18022,1204,1072,17,12,16,4,2,2687,2664,2667,2636,2563,2492,2223,1760,588,1,0
134,20283,267,269,10230,10053,17936,1257,1111,21,17936,1257,1111,21,13,21,5,3,2683,2665,2667,2645,2555,2489,2234,1768,576,1,0
135,20285,267,269,10232,10053,17869,1291,1148,23,17869,1291,1148,23,13,22,6,3,2683,2666,2662,2648,2569,2469,2237,1762,587,2,0
136,20287,267,269,10211,10076,17797,1329,1188,27,17797,1329,1188,27,14,23,11,4,2682,2669,2658,2651,2569,2469,2239,1759,591,0,0
137,20289,267,269,10218,10071,17715,1366,1239,31,17715,1366,1239,31,16,27,18,7,2682,2672,2655,2656,2567,2471,2237,1759,590,0,0
138,20291,267,269,10227,10064,17638,1411,1277,35,17638,1411,1277,35,17,31,21,8,2680,2674,2650,2661,2573,2470,2236,1756,588,3,0
139,20293,267,269,10214,10079,17550,1457,1323,37,17550,1457,1323,37,21,32,22,8,2678,2672,2654,2660,2577,2467,2230,1753,601,1,0
140,20295,267,269,10191,10104,17475,1492,1368,40,17475,1492,1368,40,22,34,25,8,2683,2670,2650,2663,2577,2466,2226,1757,602,1,0
141,20297,267,269,10202,10095,17404,1523,1412,42,17404,1523,1412,42,24,36,27,9,2682,2674,2650,2655,2580,2462,2219,1756,618,1,0
142,20299,267,269,10194,10105,17337,1537,1469,44,17337,1537,1469,44,26,36,30,9,2680,2677,2649,2654,2586,2466,2213,1771,603,0,0
143,20301,267,269,10216,10085,17290,1546,1509,44,17290,1546,1509,44,27,36,32,9,2683,2673,2648,2648,2596,2453,2216,1765,617,2,0
144,20303,267,269,10214,10089,17251,1552,1544,44,17251,1552,1544,44,29,36,32,9,2684,2668,2651,2644,2611,2451,2197,1788,608,1,0
145,20305,268,270,10221,10084,17216,1567,1567,45,17216,1567,1567,45,29,36,32,9,2685,2667,2653,2637,2621,2461,2186,1789,604,2,0
146,20306,268,269,10224,10082,17201,1578,1572,45,17201,1578,1572,45,29,36,32,9,2683,2667,2654,2633,2622,2462,2206,1755,623,1,0
147,20308,267,269,10214,10094,17186,1591,1576,45,17186,1591,1576,45,29,36,32,9,2683,2664,2657,2632,2629,2452,2224,1752,613,2,0
148,20310,267,269,10213,10097,17169,1605,1581,45,17169,1605,1581,45,30,36,32,9,2683,2664,2659,2628,2632,2459,2219,1761,604,1,0
149,20311,268,269,10215,10096,17142,1621,1595,47,17142,1621,1595,47,31,36,34,10,2682,2664,2656,2629,2630,2469,2228,1744,606,3,0
150,20314,267,270,10207,10107,17119,1635,1608,48,17119,1635,1608,48,31,36,34,10,2683,2669,2653,2629,2638,2473,2217,1748,601,3,0
151,20316,268,270,10206,10110,17098,1647,1621,50,17098,1647,1621,50,31,36,34,10,2687,2668,2656,2635,2625,2482,2207,1749,605,2,0
152,20317,268,269,10173,10144,17064,1671,1632,50,17064,1671,1632,50,31,36,34,10,2687,2668,2656,2634,2617,2489,2217,1766,583,0,0
153,20318,268,269,10175,10143,17037,1690,1642,51,17037,1690,1642,51,32,36,34,10,2686,2671,2656,2632,2607,2519,2210,1747,589,1,0
154,20320,267,269,10164,10156,17011,1707,1653,51,17011,1707,1653,51,32,36,34,10,2685,2673,2653,2633,2596,2532,2213,1747,586,2,0
155,20323,267,270,10155,10168,16972,1733,1670,52,16972,1733,1670,52,32,38,34,10,2682,2671,2655,2634,2590,2544,2224,1742,580,1,0
156,20325,268,270,10143,10182,16932,1757,1688,52,16932,1757,1688,52,34,38,34,10,2683,2671,2657,2636,2579,2558,2220,1757,563,1,0
157,20328,267,270,10147,10181,16898,1776,1706,52,16898,1776,1706,52,34,38,34,10,2684,2671,2653,2646,2580,2557,2205,1764,566,2,0
158,20330,268,270,10161,10169,16850,1805,1727,52,16850,1805,1727,52,35,38,35,10,2686,2670,2654,2652,2580,2560,2221,1737,567,3,0
159,20332,268,270,10164,10168,16802,1834,1748,52,16802,1834,1748,52,37,38,35,10,2689,2669,2654,2648,2591,2565,2213,1735,567,1,0
160,20334,268,270,10177,10157,16750,1862,1776,54,16750,1862,1776,54,37,40,35,10,2690,2669,2659,2641,2591,2591,2199,1739,554,1,0
161,20336,268,270,10158,10178,16685,1902,1808,59,16685,1902,1808,59,38,41,38,10,2691,2670,2654,2643,2594,2568,2224,1749,542,1,0
162,20338,268,270,10162,10176,16640,1927,1831,60,16640,1927,1831,60,38,42,41,10,2694,2669,2653,2640,2594,2551,2261,1732,544,0,0
163,20340,268,270,10166,10174,16588,1953,1860,61,16588,1953,1860,61,41,42,42,10,2695,2670,2656,2641,2585,2535,2297,1719,540,2,0
164,20342,268,270,10158,10184,16536,1976,1893,63,16536,1976,1893,63,42,44,43,10,2697,2670,2660,2633,2589,2514,2332,1724,522,1,0
165,20344,268,270,10159,10185,16458,2012,1941,67,16458,2012,1941,67,42,44,44,10,2695,2668,2659,2637,2588,2492,2357,1737,511,0,0
166,20346,268,270,10150,10196,16391,2050,1974,69,16391,2050,1974,69,43,44,47,11,2694,2669,2661,2636,2583,2466,2400,1730,507,0,0
167,20348,268,270,10139,10209,16327,2078,2012,69,16327,2078,2012,69,44,45,47,11,2694,2671,2661,2635,2594,2466,2405,1712,510,0,0
168,20350,268,270,10146,10204,16270,2106,2043,69,16270,2106,2043,69,46,46,48,11,2694,2673,2661,2629,2594,2476,2429,1701,493,0,0
169,20352,268,270,10150,10202,16205,2141,2080,74,16205,2141,2080,74,47,46,48,11,2695,2675,2657,2627,2590,2484,2448,1691,485,0,0
170,20354,268,270,10144,10210,16149,2179,2107,81,16149,2179,2107,81,53,47,49,11,2695,2671,2657,2636,2585,2480,2480,1680,470,0,0
171,20356,268,270,10148,10208,16097,2200,2142,83,16097,2200,2142,83,56,47,49,11,2696,2675,2658,2633,2583,2490,2425,1726,470,0,0
172,20358,268,270,10144,10214,16042,2227,2174,85,16042,2227,2174,85,56,48,51,11,2696,2680,2652,2633,2587,2486,2379,1785,460,0,0
173,20360,268,270,10133,10227,15999,2247,2201,87,15999,2247,2201,87,59,48,52,11,2698,2682,2650,2635,2581,2469,2333,1868,444,0,0
174,20362,268,270,10113,10249,15945,2267,2238,88,15945,2267,2238,88,59,49,55,11,2698,2683,2651,2635,2578,2471,2274,1946,426,0,0
175,20364,268,270,10094,10270,15898,2291,2266,91,15898,2291,2266,91,60,49,55,11,2698,2683,2648,2635,2585,2463,2218,2018,416,0,0
176,20366,268,270,10090,10276,15862,2306,2289,91,15862,2306,2289,91,62,49,57,11,2698,2682,2651,2632,2575,2456,2152,2123,397,0,0
177,20369,268,271,10099,10270,15831,2325,2307,94,15831,2325,2307,94,63,49,59,12,2697,2683,2651,2631,2572,2465,2163,2123,384,0,0
178,20371,268,270,10098,10273,15798,2345,2322,94,15798,2345,2322,94,64,49,59,12,2695,2685,2653,2627,2556,2464,2153,2162,376,0,0
179,20373,268,270,10103,10270,15774,2356,2337,94,15774,2356,2337,94,65,49,59,12,2695,2684,2657,2628,2559,2466,2159,2155,370,0,0
180,20376,268,271,10114,10262,15727,2377,2367,95,15727,2377,2367,95,65,49,59,12,2698,2684,2655,2627,2572,2465,2137,2184,354,0,0
181,20379,268,271,10112,10267,15702,2389,2383,95,15702,2389,2383,95,66,50,59,12,2697,2685,2655,2625,2574,2455,2128,2083,477,0,0
182,20382,268,271,10109,10273,15694,2390,2393,95,15694,2390,2393,95,67,50,59,12,2697,2684,2656,2621,2559,2443,2118,1980,624,0,0
183,20385,268,271,10124,10261,15699,2381,2402,97,15699,2381,2402,97,67,50,59,12,2697,2681,2656,2622,2565,2455,2074,1860,775,0,0
184,20387,268,270,10113,10274,15704,2379,2402,98,15704,2379,2402,98,68,50,59,12,2692,2678,2658,2623,2570,2439,2067,1717,943,0,0
185,20389,269,271,10123,10266,15724,2363,2402,100,15724,2363,2402,100,68,50,59,12,2690,2675,2661,2614,2564,2436,2048,1576,1125,0,0
186,20391,268,270,10128,10263,15738,2370,2384,101,15738,2370,2384,101,69,52,60,12,2691,2673,2657,2619,2561,2432,2032,1420,1306,0,0
187,20393,268,270,10136,10257,15741,2371,2383,102,15741,2371,2383,102,70,52,63,13,2689,2672,2660,2618,2561,2425,2037,1404,1327,0,0
188,20395,269,271,10135,10260,15735,2379,2383,102,15735,2379,2383,102,72,52,63,13,2693,2667,2666,2619,2566,2413,2039,1404,1328,0,0
189,20396,269,270,10131,10265,15721,2391,2387,103,15721,2391,2387,103,74,54,64,13,2694,2665,2664,2621,2568,2415,2054,1398,1317,0,0
190,20398,269,271,10130,10268,15722,2394,2387,105,15722,2394,2387,105,73,54,65,13,2692,2667,2665,2620,2564,2414,2093,1369,1314,0,0
191,20400,269,271,10132,10268,15744,2362,2400,106,15744,2362,2400,106,77,54,65,13,2690,2667,2665,2629,2564,2423,2102,1379,1163,118,0
192,20403,268,271,10122,10281,15786,2314,2411,108,15786,2314,2411,108,79,54,66,13,2693,2665,2667,2630,2558,2434,2128,1403,1023,202,0
193,20405,269,271,10109,10296,15839,2257,2418,109,15839,2257,2418,109,82,55,67,13,2693,2663,2666,2629,2564,2451,2154,1419,877,289,0
194,20407,269,271,10102,10305,15900,2222,2398,113,15900,2222,2398,113,83,56,68,13,2698,2660,2664,2636,2561,2457,2172,1457,729,373,0
195,20409,269,271,10101,10308,15961,2208,2356,116,15961,2208,2356,116,85,56,68,13,2699,2662,2660,2643,2562,2462,2172,1515,587,447,0
196,20411,269,271,10116,10295,16033,2201,2295,118,16033,2201,2295,118,89,57,70,14,2701,2662,2661,2637,2569,2467,2197,1560,447,510,0
197,20413,269,271,10115,10298,16090,2195,2247,119,16090,2195,2247,119,91,59,70,14,2706,2660,2659,2649,2563,2469,2228,1600,474,405,0
198,20415,269,271,10132,10283,16128,2208,2199,120,16128,2208,2199,120,95,59,71,14,2705,2670,2650,2657,2565,2476,2229,1659,487,317,0
199,20417,269,271,10143,10274,16148,2212,2179,122,16148,2212,2179,122,96,60,72,15,2706,2675,2648,2656,2574,2479,2245,1689,494,251,0
200,20419,269,271,10144,10275,16145,2229,2169,124,16145,2229,2169,124,95,60,73,15,2706,2671,2652,2654,2573,2480,2247,1732,500,204,0
201,20421,269,271,10148,10273,16149,2234,2163,125,16149,2234,2163,125,96,60,74,15,2706,2670,2653,2654,2580,2480,2260,1775,507,136,0
202,20423,269,271,10159,10264,16137,2239,2175,128,16137,2239,2175,128,98,60,75,15,2706,2670,2652,2657,2583,2476,2257,1818,517,87,0
203,20425,269,271,10165,10260,16124,2241,2189,129,16124,2241,2189,129,99,61,75,15,2706,2670,2649,2658,2585,2475,2268,1833,527,54,0
204,20427,269,271,10167,10260,16102,2265,2189,129,16102,2265,2189,129,98,61,75,15,2703,2679,2643,2656,2586,2467,2285,1818,562,28,0
205,20429,269,271,10168,10261,16073,2281,2207,132,16073,2281,2207,132,98,61,76,15,2704,2681,2644,2650,2594,2460,2289,1811,582,14,0
206,20431,269,271,10163,10268,16047,2293,2224,133,16047,2293,2224,133,99,61,76,15,2704,2681,2644,2652,2592,2464,2276,1812,603,3,0
207,20433,269,271,10178,10255,16002,2317,2249,135,16002,2317,2249,135,100,61,76,15,2706,2682,2642,2651,2602,2451,2259,1823,611,6,0
208,20435,269,271,10177,10258,15964,2334,2273,136,15964,2334,2273,136,101,61,77,15,2706,2684,2648,2640,2605,2447,2248,1814,635,8,0
209,20437,269,271,10161,10276,15921,2354,2298,136,15921,2354,2298,136,101,60,78,15,2707,2687,2648,2632,2610,2451,2229,1824,643,6,0
210,20439,269,271,10146,10293,15887,2366,2321,135,15887,2366,2321,135,101,61,78,15,2709,2689,2646,2633,2603,2448,2209,1821,677,4,0
211,20441,269,271,10145,10296,15885,2365,2326,135,15885,2365,2326,135,106,61,77,15,2708,2689,2644,2633,2608,2448,2196,1814,691,10,0
212,20443,269,271,10131,10312,15859,2374,2348,138,15859,2374,2348,138,105,60,78,15,2707,2691,2650,2626,2608,2451,2179,1801,703,27,0
213,20445,269,271,10124,10321,15849,2381,2355,140,15849,2381,2355,140,106,60,79,15,2705,2694,2651,2626,2603,2456,2173,1791,717,29,0
214,20447,269,271,10133,10314,15818,2391,2378,140,15818,2391,2378,140,108,62,81,15,2705,2691,2661,2613,2606,2461,2143,1787,740,40,0
215,20450,269,272,10110,10340,15839,2376,2377,142,15839,2376,2377,142,108,62,81,15,2706,2689,2659,2615,2595,2475,2114,1798,747,52,0
216,20453,269,272,10133,10320,15838,2364,2396,145,15838,2364,2396,145,110,62,81,15,2710,2687,2662,2614,2600,2477,2116,1778,748,61,0
217,20454,270,271,10139,10315,15842,2361,2398,147,15842,2361,2398,147,111,61,80,15,2709,2686,2666,2613,2593,2490,2090,1760,779,68,0
218,20456,269,271,10130,10326,15857,2358,2389,148,15857,2358,2389,148,111,58,80,15,2708,2686,2665,2615,2581,2493,2100,1743,806,59,0
219,20458,269,271,10133,10325,15837,2373,2398,150,15837,2373,2398,150,110,56,80,15,2705,2690,2668,2621,2575,2496,2098,1704,834,67,0
220,20460,269,271,10122,10338,15835,2373,2402,150,15835,2373,2402,150,109,54,80,16,2705,2691,2672,2622,2573,2492,2117,1665,841,82,0
221,20463,269,272,10120,10343,15843,2366,2405,151,15843,2366,2405,151,110,53,80,16,2706,2689,2672,2616,2567,2491,2131,1647,867,77,0
222,20466,269,272,10130,10336,15850,2358,2409,151,15850,2358,2409,151,108,50,80,16,2705,2690,2672,2624,2561,2495,2135,1616,878,90,0
223,20468,269,271,10109,10359,15855,2356,2409,152,15855,2356,2409,152,109,50,82,17,2706,2686,2672,2625,2563,2490,2152,1607,873,94,0
224,20470,269,271,10112,10358,15857,2361,2405,153,15857,2361,2405,153,108,51,84,17,2705,2690,2670,2635,2558,2488,2176,1578,859,111,0
225,20473,269,272,10114,10359,15867,2363,2398,155,15867,2363,2398,155,108,49,85,17,2705,2689,2671,2634,2556,2480,2209,1564,846,118,1
226,20475,270,272,10113,10362,15890,2352,2386,153,15890,2352,2386,153,107,50,82,16,2703,2695,2666,2633,2552,2482,2219,1580,827,116,2
227,20478,269,272,10130,10348,15902,2344,2383,151,15902,2344,2383,151,108,48,81,15,2704,2693,2668,2639,2553,2483,2233,1584,785,133,3
228,20481,269,272,10116,10365,15931,2333,2364,147,15931,2333,2364,147,108,45,78,13,2707,2691,2668,2643,2560,2471,2262,1592,760,125,2
229,20483,270,272,10090,10393,15941,2328,2363,149,15941,2328,2363,149,111,45,76,13,2706,2692,2674,2644,2567,2464,2273,1618,706,136,3
230,20485,270,272,10087,10398,15949,2328,2354,146,15949,2328,2354,146,112,45,74,12,2709,2690,2676,2650,2570,2466,2268,1635,675,144,2
231,20487,270,272,10094,10393,15975,2321,2341,150,15975,2321,2341,150,112,43,71,12,2711,2689,2676,2654,2563,2464,2277,1656,637,158,2
232,20489,270,272,10098,10391,15991,2321,2326,149,15991,2321,2326,149,114,42,70,12,2710,2690,2675,2659,2566,2462,2273,1700,596,157,1
233,20491,270,272,10098,10393,15988,2331,2319,147,15988,2331,2319,147,115,40,70,12,2711,2693,2672,2660,2575,2466,2263,1729,584,137,1
234,20493,270,272,10111,10382,15978,2352,2312,149,15978,2352,2312,149,115,41,70,12,2713,2691,2674,2657,2586,2459,2259,1762,567,124,1
235,20495,270,272,10139,10356,15961,2368,2316,150,15961,2368,2316,150,118,41,71,12,2712,2689,2672,2659,2591,2459,2232,1784,579,118,0
236,20497,270,272,10142,10355,15949,2380,2320,152,15949,2380,2320,152,120,40,70,11,2712,2687,2677,2654,2589,2464,2223,1791,601,97,2
237,20499,270,272,10166,10333,15943,2387,2322,153,15943,2387,2322,153,120,39,70,11,2714,2690,2673,2655,2599,2446,2231,1800,611,75,5
238,20501,270,272,10160,10341,15945,2386,2321,151,15945,2386,2321,151,119,38,70,11,2714,2694,2671,2651,2601,2451,2216,1823,618,58,4
239,20503,270,272,10143,10360,15941,2385,2322,145,15941,2385,2322,145,119,38,69,10,2712,2696,2671,2650,2593,2460,2202,1822,649,47,1
240,20505,270,272,10161,10344,15927,2392,2331,145,15927,2392,2331,145,119,38,69,9,2710,2697,2670,2650,2595,2457,2206,1816,660,41,3
241,20507,270,272,10166,10341,15922,2406,2322,143,15922,2406,2322,143,117,37,69,9,2708,2697,2669,2647,2596,2447,2190,1826,690,35,2
242,20509,270,272,10174,10335,15903,2417,2332,143,15903,2417,2332,143,116,37,68,9,2709,2694,2673,2648,2603,2450,2182,1814,687,47,2
243,20511,270,272,10164,10347,15874,2427,2354,144,15874,2427,2354,144,117,37,67,8,2711,2695,2677,2646,2604,2446,2183,1795,705,48,1
244,20514,270,273,10180,10334,15871,2430,2357,144,15871,2430,2357,144,119,37,67,8,2712,2694,2674,2643,2605,2458,2184,1783,711,49,1
245,20516,270,272,10175,10341,15865,2431,2362,142,15865,2431,2362,142,123,37,66,8,2713,2699,2668,2641,2601,2464,2181,1759,736,54,0
246,20518,270,272,10169,10349,15860,2436,2366,144,15860,2436,2366,144,123,37,64,8,2715,2697,2669,2649,2592,2459,2184,1747,743,63,0
247,20520,270,272,10160,10360,15867,2440,2358,145,15867,2440,2358,145,122,37,64,8,2714,2698,2673,2642,2590,2480,2161,1735,760,67,0
248,20522,270,272,10170,10352,15856,2446,2366,146,15856,2446,2366,146,125,37,63,8,2710,2698,2677,2642,2595,2476,2145,1728,783,68,0
249,20524,270,272,10180,10344,15861,2443,2367,147,15861,2443,2367,147,127,36,63,8,2708,2698,2681,2643,2598,2475,2160,1710,778,73,0
250,20526,270,272,10187,10339,15863,2431,2379,147,15863,2431,2379,147,128,35,64,8,2711,2693,2682,2640,2597,2486,2155,1714,775,73,0
251,20528,270,272,10193,10335,15864,2438,2374,148,15864,2438,2374,148,125,35,62,8,2711,2691,2683,2643,2597,2484,2150,1714,768,86,1
252,20530,270,272,10179,10351,15871,2442,2367,150,15871,2442,2367,150,124,36,62,8,2710,2694,2676,2651,2591,2500,2163,1701,761,82,1
253,20532,270,272,10194,10338,15850,2459,2376,153,15850,2459,2376,153,122,36,61,8,2715,2692,2679,2651,2591,2499,2155,1696,756,97,1
254,20534,270,272,10197,10337,15863,2453,2370,152,15863,2453,2370,152,123,34,59,8,2714,2693,2680,2650,2582,2498,2183,1674,763,97,0
255,20536,270,272,10182,10354,15866,2451,2371,152,15866,2451,2371,152,123,35,59,8,2716,2691,2682,2648,2590,2493,2201,1662,748,105,0
256,20538,271,273,10191,10347,15867,2454,2371,154,15867,2454,2371,154,126,36,60,8,2716,2690,2681,2647,2601,2490,2191,1666,736,120,0
257,20539,271,272,10207,10332,15865,2456,2372,154,15865,2456,2372,154,124,35,60,8,2714,2693,2681,2651,2598,2480,2206,1672,727,117,0
258,20542,270,273,10188,10354,15879,2456,2363,156,15879,2456,2363,156,122,35,61,8,2715,2694,2681,2655,2589,2493,2213,1661,726,115,0
259,20544,270,272,10188,10356,15895,2458,2348,157,15895,2458,2348,157,124,35,59,8,2715,2690,2684,2653,2593,2496,2213,1676,701,123,0
260,20547,270,273,10189,10358,15886,2469,2349,157,15886,2469,2349,157,124,33,58,8,2714,2694,2680,2655,2583,2491,2229,1691,692,117,1
261,20550,270,273,10159,10391,15904,2471,2330,155,15904,2471,2330,155,125,33,58,8,2719,2692,2676,2659,2591,2482,2241,1692,682,114,2
262,20553,270,273,10175,10378,15889,2486,2333,155,15889,2486,2333,155,128,33,58,8,2720,2693,2673,2655,2600,2477,2236,1700,681,117,1
263,20555,271,273,10162,10393,15895,2488,2329,157,15895,2488,2329,157,127,32,58,8,2719,2698,2673,2659,2600,2477,2242,1699,685,103,0
264,20557,271,273,10168,10389,15886,2501,2328,158,15886,2501,2328,158,130,32,59,8,2721,2695,2678,2656,2606,2467,2237,1708,679,108,2
265,20559,271,273,10154,10405,15888,2505,2323,157,15888,2505,2323,157,134,32,58,8,2723,2697,2675,2658,2601,2474,2223,1726,672,106,4
266,20561,271,273,10159,10402,15882,2508,2327,156,15882,2508,2327,156,136,32,57,8,2723,2700,2677,2660,2598,2485,2230,1718,666,99,5
267,20563,271,273,10159,10404,15885,2498,2335,155,15885,2498,2335,155,137,31,58,8,2725,2698,2675,2666,2598,2483,2201,1761,659,94,3
268,20565,271,273,10149,10416,15891,2502,2328,156,15891,2502,2328,156,138,31,56,8,2724,2702,2675,2668,2601,2472,2225,1752,653,91,2
269,20567,271,273,10165,10402,15882,2502,2335,152,15882,2502,2335,152,137,32,56,8,2728,2698,2672,2668,2601,2477,2223,1753,668,76,3
270,20569,271,273,10177,10392,15893,2495,2326,145,15893,2495,2326,145,137,32,56,7,2725,2700,2679,2659,2605,2480,2214,1759,669,76,3
271,20571,271,273,10175,10396,15887,2507,2321,144,15887,2507,2321,144,137,31,55,7,2725,2703,2678,2655,2615,2476,2189,1773,677,78,2
272,20573,271,273,10168,10405,15860,2525,2333,145,15860,2525,2333,145,141,30,55,7,2726,2704,2678,2654,2603,2486,2182,1771,690,76,3
273,20575,271,273,10168,10407,15861,2528,2329,143,15861,2528,2329,143,141,30,54,7,2728,2704,2684,2649,2609,2492,2176,1758,697,75,3
274,20577,271,273,10188,10389,15848,2533,2336,140,15848,2533,2336,140,140,30,55,7,2728,2706,2682,2654,2604,2497,2165,1761,709,70,1
275,20579,271,273,10183,10396,15846,2531,2340,138,15846,2531,2340,138,140,30,55,7,2727,2709,2684,2648,2602,2492,2172,1740,740,63,2
276,20581,271,273,10203,10378,15831,2543,2345,138,15831,2543,2345,138,137,30,55,7,2726,2711,2683,2648,2599,2482,2178,1743,740,70,1
277,20583,271,273,10199,10384,15813,2555,2351,136,15813,2555,2351,136,137,29,54,6,2726,2711,2681,2646,2611,2483,2178,1708,762,75,2
278,20585,271,273,10201,10384,15814,2555,2353,137,15814,2555,2353,137,137,29,54,6,2724,2711,2688,2644,2613,2469,2187,1729,745,73,2
279,20587,271,273,10189,10398,15821,2549,2356,139,15821,2549,2356,139,138,28,52,6,2723,2711,2688,2636,2610,2473,2192,1731,744,77,2
280,20589,271,273,10196,10393,15829,2546,2351,137,15829,2546,2351,137,135,28,52,6,2723,2711,2687,2644,2598,2477,2175,1737,759,77,1
281,20591,271,273,10194,10397,15818,2554,2356,137,15818,2554,2356,137,136,29,51,6,2723,2712,2684,2647,2587,2483,2181,1718,762,94,0
282,20593,271,273,10182,10411,15815,2555,2358,135,15815,2555,2358,135,138,29,50,5,2722,2710,2686,2650,2588,2479,2192,1708,755,103,0
283,20595,271,273,10187,10408,15831,2543,2356,135,15831,2543,2356,135,138,29,50,5,2720,2710,2685,2661,2579,2474,2210,1700,772,84,0
284,20597,271,273,10184,10413,15828,2544,2360,135,15828,2544,2360,135,141,29,50,5,2720,2706,2689,2659,2596,2462,2214,1693,777,80,1
285,20599,272,274,10192,10407,15830,2547,2358,136,15830,2547,2358,136,141,29,50,5,2721,2709,2683,2668,2590,2461,2224,1701,757,85,0
286,20601,271,273,10205,10396,15817,2561,2360,137,15817,2561,2360,137,142,27,47,5,2720,2709,2689,2665,2591,2465,2217,1688,769,87,1
287,20603,272,274,10214,10389,15810,2565,2367,139,15810,2565,2367,139,139,26,48,5,2723,2708,2691,2658,2589,2480,2206,1687,765,95,1
288,20605,271,273,10243,10362,15804,2574,2368,141,15804,2574,2368,141,141,26,48,5,2723,2708,2692,2668,2584,2476,2211,1692,756,94,1
289,20607,271,273,10237,10370,15800,2578,2370,141,15800,2578,2370,141,139,24,48,5,2722,2708,2694,2665,2579,2488,2213,1690,752,96,0
290,20609,271,273,10256,10353,15799,2581,2369,140,15799,2581,2369,140,138,24,46,5,2721,2711,2693,2664,2594,2482,2225,1673,747,98,1
291,20611,271,273,10258,10353,15798,2585,2373,145,15798,2585,2373,145,138,25,45,5,2725,2705,2698,2661,2598,2479,2216,1713,707,107,2
292,20612,272,273,10260,10352,15799,2585,2371,143,15799,2585,2371,143,138,26,47,5,2725,2702,2696,2663,2599,2482,2188,1719,721,116,1
293,20614,271,273,10267,10347,15819,2580,2358,143,15819,2580,2358,143,135,26,50,5,2726,2702,2697,2664,2608,2480,2190,1738,697,112,0
294,20616,271,273,10291,10325,15837,2578,2345,144,15837,2578,2345,144,131,25,51,5,2725,2700,2692,2666,2603,2490,2179,1749,709,100,3
295,20617,272,273,10312,10305,15847,2577,2335,142,15847,2577,2335,142,132,24,50,5,2722,2702,2694,2662,2608,2481,2181,1752,717,96,2
296,20620,271,274,10325,10295,15845,2581,2335,141,15845,2581,2335,141,131,23,50,5,2724,2703,2695,2668,2597,2482,2191,1747,730,81,2
297,20622,272,274,10331,10291,15837,2596,2329,140,15837,2596,2329,140,135,22,50,4,2723,2708,2694,2673,2591,2478,2196,1746,723,89,1
298,20624,272,274,10340,10284,15832,2597,2336,141,15832,2597,2336,141,133,21,50,4,2723,2706,2695,2674,2597,2469,2201,1751,719,88,1
299,20627,271,274,10336,10291,15817,2608,2343,141,15817,2608,2343,141,134,21,50,4,2723,2703,2695,2675,2606,2466,2214,1747,705,91,2
300,20629,272,274,10340,10289,15818,2604,2350,143,15818,2604,2350,143,136,21,49,4,2727,2703,2693,2674,2605,2486,2201,1746,710,81,3
301,20631,272,274,10344,10287,15812,2611,2350,142,15812,2611,2350,142,135,21,48,3,2728,2704,2689,2682,2600,2484,2197,1751,725,70,1
302,20633,272,274,10336,10297,15825,2614,2336,142,15825,2614,2336,142,133,20,44,3,2730,2706,2685,2678,2604,2479,2204,1731,740,73,3
303,20635,272,274,10358,10277,15818,2623,2337,143,15818,2623,2337,143,136,18,43,3,2732,2707,2685,2677,2602,2483,2207,1721,740,79,2
304,20637,272,274,10351,10286,15816,2620,2346,145,15816,2620,2346,145,134,17,44,3,2734,2704,2689,2677,2604,2479,2211,1700,761,76,2
305,20639,272,274,10358,10281,15781,2642,2361,145,15781,2642,2361,145,134,17,44,3,2737,2705,2683,2680,2607,2485,2215,1683,765,77,2
306,20641,272,274,10354,10287,15768,2653,2364,144,15768,2653,2364,144,132,18,45,3,2734,2708,2683,2677,2615,2476,2202,1694,768,82,2
307,14643,6192,194,7362,7281,10585,2216,1967,125,10585,2216,1967,125,93,12,36,3,2527,2556,2545,2441,2052,1472,629,374,47,0,0
308,10388,4393,138,5240,5148,6962,1876,1664,114,6962,1876,1664,114,62,12,27,1,2066,2173,2166,1909,1108,586,252,127,1,0,0
309,7370,3116,98,3717,3653,4449,1595,1436,110,4449,1595,1436,110,34,11,24,1,1539,1739,1673,1395,556,314,119,35,0,0,0
310,5228,2211,69,2639,2589,2685,1397,1255,109,2685,1397,1255,109,23,9,18,1,1092,1297,1246,946,352,233,45,17,0,0,0
311,3709,1568,49,1887,1822,1449,1256,1110,106,1449,1256,1110,106,11,8,17,1,752,932,915,667,262,150,22,8,1,0,0
312,2631,1113,35,1374,1257,666,1079,984,98,666,1079,984,98,4,7,15,1,543,661,665,452,200,92,11,7,0,0,0
313,1867,789,25,972,895,221,906,831,91,221,906,831,91,2,7,13,2,362,491,484,341,144,31,7,7,0,0,0
314,1325,560,18,677,648,34,726,650,85,34,726,650,85,2,6,11,2,252,361,363,253,73,15,4,4,0,0,0
315,940,398,13,473,467,5,533,480,78,5,533,480,78,0,4,10,1,165,298,261,180,22,8,4,2,0,0,0
316,667,282,9,335,332,3,392,343,71,3,392,343,71,0,3,9,1,105,216,209,118,12,6,1,0,0,0,0
317,667,9,9,337,330,2,395,341,71,2,395,341,71,0,5,10,1,93,205,206,135,20,6,2,0,0,0,0
318,667,9,9,336,331,6,392,341,72,6,392,341,72,0,5,10,1,84,196,213,140,25,7,2,0,0,0,0
319,667,9,9,335,332,3,390,346,72,3,390,346,72,0,5,10,1,80,180,219,145,34,7,2,0,0,0,0
320,667,9,9,337,330,5,390,343,71,5,390,343,71,0,5,10,1,76,173,211,156,43,7,1,0,0,0,0
321,667,9,9,339,328,7,392,340,72,7,392,340,72,0,5,9,1,78,160,199,173,48,6,3,0,0,0,0
322,667,9,9,341,326,8,393,339,73,8,393,339,73,0,5,9,1,78,153,193,174,59,7,3,0,0,0,0
323,667,9,9,343,324,7,394,341,75,7,394,341,75,0,5,9,1,78,138,192,178,70,7,3,1,0,0,0
324,667,9,9,341,326,7,394,342,76,7,394,342,76,0,5,9,1,76,130,185,186,78,6,5,1,0,0,0
325,667,9,9,344,323,10,394,342,79,10,394,342,79,0,4,9,1,78,108,199,184,86,6,5,1,0,0,0
326,667,9,9,339,328,11,393,343,80,11,393,343,80,0,4,9,1,79,97,197,186,92,10,5,1,0,0,0
327,667,9,9,340,327,12,394,343,82,12,394,343,82,0,4,8,1,80,86,190,185,105,15,5,1,0,0,0
328,667,9,9,341,326,13,396,341,83,13,396,341,83,0,4,8,1,80,76,181,192,113,19,6,0,0,0,0
329,667,9,9,340,327,15,396,339,83,15,396,339,83,1,4,7,1,80,73,170,195,117,26,6,0,0,0,0
330,667,9,9,338,329,15,396,339,83,15,396,339,83,0,4,7,1,83,65,162,191,131,29,6,0,0,0,0
331,667,9,9,337,330,17,395,339,84,17,395,339,84,0,5,7,1,83,67,152,181,145,32,6,1,0,0,0
332,667,9,9,339,328,17,396,338,84,17,396,338,84,0,5,6,1,83,68,144,178,147,39,7,1,0,0,0
333,667,9,9,339,328,17,394,342,86,17,394,342,86,0,5,6,1,84,68,133,178,147,48,7,2,0,0,0
334,667,9,9,337,330,16,395,344,88,16,395,344,88,0,4,6,1,81,66,125,176,153,57,5,4,0,0,0
335,667,9,9,337,330,18,392,346,89,18,392,346,89,0,4,6,1,81,70,103,189,155,59,6,4,0,0,0
336,667,9,9,338,329,14,396,348,91,14,396,348,91,0,4,5,1,79,72,91,188,158,66,9,4,0,0,0
337,667,9,9,337,330,14,394,351,92,14,394,351,92,0,5,5,1,80,71,81,181,159,78,12,5,0,0,0
338,667,9,9,335,332,14,396,352,95,14,396,352,95,0,5,5,1,82,73,70,173,168,81,14,6,0,0,0
339,667,9,9,336,331,15,394,353,95,15,394,353,95,0,4,5,1,84,72,71,159,171,85,21,4,0,0,0
340,667,9,9,331,336,15,395,355,98,15,395,355,98,0,4,5,1,85,75,64,153,169,97,20,4,0,0,0
341,667,9,9,331,336,17,396,355,101,17,396,355,101,0,4,6,2,86,76,65,144,166,105,21,4,0,0,0
342,667,9,9,331,336,19,395,355,102,19,395,355,102,0,4,6,2,86,76,66,138,161,112,23,5,0,0,0
343,667,9,9,330,337,19,395,356,103,19,395,356,103,0,4,5,2,86,76,66,129,159,117,28,5,1,0,0
344,667,9,9,331,336,21,392,356,102,21,392,356,102,0,4,5,2,85,77,65,122,159,122,33,3,1,0,0
345,667,9,9,332,335,19,398,355,105,19,398,355,105,0,4,5,2,84,77,68,99,174,122,39,3,1,0,0
346,667,9,9,335,332,19,399,357,108,19,399,357,108,0,4,5,2,85,77,70,90,170,128,42,4,1,0,0
347,667,9,9,338,329,20,399,358,110,20,399,358,110,0,4,5,2,86,78,70,79,165,131,52,4,2,0,0
348,667,9,9,337,330,19,401,357,110,19,401,357,110,0,4,5,2,85,79,73,66,159,140,57,6,2,0,0
349,667,9,9,333,334,23,403,354,113,23,403,354,113,0,4,5,2,87,79,72,67,149,141,60,10,2,0,0
350,667,9,9,332,335,23,404,354,114,23,404,354,114,0,4,5,2,87,81,75,62,142,143,66,10,1,0,0
351,667,9,9,334,333,24,404,354,115,24,404,354,115,0,4,4,2,87,82,75,63,136,142,70,11,1,0,0
352,667,9,9,332,335,24,405,355,117,24,405,355,117,0,4,4,2,87,82,75,65,131,137,76,12,2,0,0
353,667,9,9,329,338,25,410,351,119,25,410,351,119,0,4,4,2,88,82,75,66,120,136,83,14,3,0,0
354,667,9,9,330,337,25,407,355,120,25,407,355,120,0,4,4,2,89,81,76,65,116,135,85,18,2,0,0
355,667,9,9,327,340,26,404,358,121,26,404,358,121,0,4,4,2,89,82,76,68,96,149,84,21,2,0,0
356,667,9,9,329,338,29,405,354,121,29,405,354,121,0,4,4,2,89,83,76,70,86,150,89,22,2,0,0
357,667,9,9,324,343,29,405,356,123,29,405,356,123,0,4,4,2,89,84,77,70,77,145,93,29,3,0,0
358,667,9,9,324,343,29,404,359,125,29,404,359,125,0,4,4,2,88,84,79,73,64,142,102,31,4,0,0
359,667,9,9,321,346,29,407,359,128,29,407,359,128,0,4,4,2,89,85,79,72,65,133,106,33,5,0,0
360,667,9,9,321,346,30,405,360,128,30,405,360,128,0,4,4,2,89,85,80,75,60,127,108,38,5,0,0
361,667,9,9,321,346,30,406,360,129,30,406,360,129,0,4,4,2,90,85,80,75,61,122,107,43,4,0,0
362,667,9,9,318,349,29,405,362,129,29,405,362,129,0,4,4,2,90,86,80,73,64,119,102,50,3,0,0
363,667,9,9,319,348,29,403,366,131,29,403,366,131,0,5,4,2,90,87,80,72,65,110,104,56,2,1,0
364,667,9,9,318,349,28,403,368,132,28,403,368,132,0,5,5,2,89,87,80,72,64,107,106,56,5,1,0
365,667,9,9,318,349,29,403,369,134,29,403,369,134,0,5,5,2,89,87,80,72,67,89,120,55,7,1,0
366,667,9,9,317,350,29,403,371,136,29,403,371,136,0,5,5,2,89,87,83,70,70,80,121,61,6,0,0
367,667,9,9,318,349,29,402,375,139,29,402,375,139,0,5,5,2,89,87,83,71,68,70,124,65,10,0,0
368,667,9,9,318,349,29,401,378,141,29,401,378,141,0,5,5,2,89,87,83,74,69,62,120,72,10,1,0
369,667,9,9,318,349,31,396,380,140,31,396,380,140,0,5,5,2,90,88,83,75,68,63,109,78,12,1,0
370,667,9,9,319,348,31,392,385,141,31,392,385,141,0,4,5,2,90,88,83,77,71,58,106,82,11,1,0
371,667,9,9,319,348,32,391,385,141,32,391,385,141,0,4,5,2,90,89,83,78,71,59,104,79,13,1,0
372,667,9,9,319,348,31,392,386,142,31,392,386,142,0,4,5,2,90,88,84,79,70,61,100,73,22,0,0
373,667,9,9,319,348,33,392,387,145,33,392,387,145,0,4,5,2,90,87,86,78,70,61,94,76,25,0,0
374,667,9,9,321,346,34,390,388,145,34,390,388,145,0,4,5,2,90,87,87,78,70,61,90,76,28,0,0
375,667,9,9,324,343,35,388,389,145,35,388,389,145,0,4,5,2,90,86,87,79,70,64,76,88,26,1,0
376,667,9,9,321,346,38,387,387,145,38,387,387,145,0,4,5,2,90,86,87,82,69,65,72,90,25,1,0
377,667,9,9,321,346,38,386,390,147,38,386,390,147,0,4,4,2,89,88,84,83,70,66,64,94,27,2,0
378,667,9,9,321,346,42,383,388,146,42,383,388,146,0,4,3,2,89,88,84,83,73,68,58,93,30,1,0
379,667,9,9,322,345,43,387,387,150,43,387,387,150,0,4,3,2,90,88,85,83,75,64,59,89,33,1,0
380,667,9,9,322,345,44,387,389,153,44,387,389,153,0,4,3,2,90,88,84,83,77,68,54,86,35,2,0
381,667,9,9,325,342,45,385,390,153,45,385,390,153,0,4,4,3,90,89,83,83,77,68,55,85,34,3,0
382,667,9,9,327,340,45,386,392,156,45,386,392,156,0,4,4,3,90,89,83,84,77,67,58,82,31,6,0
383,667,9,9,330,337,45,386,395,159,45,386,395,159,0,4,4,3,90,89,85,84,76,69,57,78,32,7,0
384,667,9,9,331,336,47,383,393,156,47,383,393,156,0,4,4,3,90,89,85,85,76,69,57,77,34,5,0
385,667,9,9,332,335,48,384,392,157,48,384,392,157,0,4,4,3,90,89,85,85,77,68,60,66,43,4,0
386,667,9,9,329,338,48,382,392,155,48,382,392,155,0,4,4,3,90,89,86,84,81,67,61,64,42,3,0
387,667,9,9,330,337,48,382,395,158,48,382,395,158,0,4,4,3,90,89,88,81,82,67,61,58,48,3,0
388,667,9,9,332,335,49,381,393,156,49,381,393,156,0,4,4,3,90,89,88,81,82,70,63,51,52,1,0
389,667,9,9,332,335,51,380,394,158,51,380,394,158,0,4,4,3,90,90,88,82,81,71,60,54,48,3,0
390,667,9,9,334,333,51,380,396,160,51,380,396,160,0,4,4,3,90,90,88,82,81,74,63,49,44,6,0
391,667,9,9,334,333,53,377,396,159,53,377,396,159,0,3,4,3,90,90,89,82,82,75,60,50,45,4,0
392,667,9,9,336,331,52,377,399,161,52,377,399,161,0,3,4,3,90,90,89,82,83,75,60,53,43,2,0
393,667,9,9,337,330,52,375,400,160,52,375,400,160,0,3,4,3,90,90,89,84,83,75,60,54,39,3,0
394,667,9,9,340,327,52,377,401,163,52,377,401,163,0,3,4,3,90,90,89,84,83,75,62,53,38,3,0
395,667,9,9,340,327,51,378,402,164,51,378,402,164,0,3,4,3,90,90,89,85,82,76,64,53,35,3,0
396,667,9,9,341,326,51,381,401,166,51,381,401,166,0,3,4,3,90,90,89,86,81,79,61,51,38,2,0
397,667,9,9,345,322,52,381,402,168,52,381,402,168,0,3,4,3,90,90,89,87,79,80,63,51,34,4,0
398,667,9,9,348,319,52,385,400,170,52,385,400,170,0,3,4,3,90,90,89,87,79,80,65,51,31,5,0
399,667,9,9,348,319,52,386,398,169,52,386,398,169,0,4,3,2,90,90,90,87,80,80,65,51,32,2,0
400,667,9,9,343,324,53,385,400,171,53,385,400,171,0,4,3,2,90,90,90,87,80,80,68,50,30,2,0
401,667,9,9,342,325,50,385,402,170,50,385,402,170,0,4,3,2,90,90,89,88,80,79,68,50,29,4,0
402,667,9,9,343,324,49,385,403,170,49,385,403,170,0,4,3,2,90,90,87,88,78,79,69,52,30,4,0
403,667,9,9,342,325,47,386,405,171,47,386,405,171,0,4,3,2,90,90,86,88,80,78,68,50,33,4,0
404,667,9,9,341,326,47,383,406,169,47,383,406,169,0,4,3,2,90,90,87,87,79,79,71,49,31,4,0
405,667,9,9,341,326,45,385,409,172,45,385,409,172,0,4,3,2,90,88,87,87,81,75,72,51,31,5,0
406,667,9,9,339,328,46,384,409,172,46,384,409,172,0,4,3,2,90,88,87,87,82,74,74,51,31,3,0
407,667,9,9,342,325,47,384,409,173,47,384,409,173,0,3,4,2,90,88,88,85,85,71,76,49,32,3,0
408,667,9,9,343,324,46,386,408,173,46,386,408,173,0,3,4,2,90,88,88,85,85,72,71,51,34,3,0
409,667,9,9,346,321,46,384,411,174,46,384,411,174,0,3,4,2,90,88,89,85,84,73,70,52,33,3,0
410,667,9,9,345,322,45,384,413,175,45,384,413,175,0,3,4,2,89,88,90,84,84,73,69,55,33,2,0
411,667,9,9,347,320,45,385,413,176,45,385,413,176,0,3,4,2,89,88,90,84,85,75,66,57,33,0,0
412,667,9,9,347,320,44,388,415,180,44,388,415,180,0,3,4,2,89,88,90,83,87,73,68,57,31,1,0
413,667,9,9,350,317,43,388,415,179,43,388,415,179,0,3,4,2,89,89,89,83,86,75,68,57,30,1,0
414,667,9,9,351,316,45,389,413,180,45,389,413,180,0,3,4,2,89,90,88,84,85,76,70,54,29,2,0
415,667,9,9,349,318,46,388,414,181,46,388,414,181,0,3,4,2,89,90,88,84,85,78,67,57,26,3,0
416,667,9,9,350,317,45,389,417,184,45,389,417,184,0,3,4,2,89,90,88,84,85,79,67,59,24,2,0
417,667,9,9,349,318,46,389,416,184,46,389,416,184,0,3,4,2,90,88,88,86,83,81,65,60,24,2,0
418,667,9,9,348,319,46,390,417,186,46,390,417,186,0,3,4,2,90,88,88,87,82,81,67,59,23,2,0
419,667,9,9,348,319,46,390,417,186,46,390,417,186,0,2,4,2,90,88,88,88,83,81,66,56,26,1,0
420,667,9,9,351,316,45,391,422,191,45,391,422,191,0,2,4,2,90,88,88,90,81,82,65,53,28,2,0
421,667,9,9,350,317,44,395,421,193,44,395,421,193,0,2,4,2,90,89,86,90,81,84,67,51,27,2,0
422,667,9,9,352,315,43,397,423,196,43,397,423,196,0,2,4,2,90,89,86,90,79,85,64,54,28,2,0
423,667,9,9,349,318,42,398,424,197,42,398,424,197,0,2,4,2,89,89,87,89,79,84,67,55,27,1,0
424,667,9,9,349,318,42,402,420,197,42,402,420,197,0,2,4,2,90,88,88,87,81,81,69,54,27,2,0
425,667,9,9,349,318,43,402,419,197,43,402,419,197,0,3,4,2,90,88,88,87,81,81,70,52,28,2,0
426,667,9,9,348,319,41,406,421,201,41,406,421,201,0,3,4,2,90,88,88,87,79,80,72,50,29,4,0
427,667,9,9,353,314,42,404,422,201,42,404,422,201,0,3,4,2,90,89,88,86,81,77,73,48,32,3,0
428,667,9,9,354,313,42,403,422,200,42,403,422,200,0,3,4,2,90,89,88,86,83,75,73,50,29,4,0
429,667,9,9,352,315,40,404,425,202,40,404,425,202,0,3,4,2,89,89,88,86,85,75,71,51,29,4,0
430,667,9,9,353,314,40,400,428,201,40,400,428,201,0,3,4,2,89,89,87,86,87,73,72,52,27,5,0
431,667,9,9,351,316,39,402,423,197,39,402,423,197,0,4,3,1,90,88,88,86,87,74,74,54,20,6,0
432,667,9,9,351,316,38,400,424,195,38,400,424,195,0,4,3,1,89,88,88,86,87,75,74,54,22,4,0
433,667,9,9,355,312,39,398,426,196,39,398,426,196,0,4,3,1,89,88,88,87,86,74,73,56,23,3,0
434,667,9,9,354,313,39,399,426,197,39,399,426,197,0,4,3,1,88,89,87,88,87,75,72,55,23,3,0
435,667,9,9,355,312,38,400,425,196,38,400,425,196,0,4,3,1,88,89,87,87,86,76,71,58,22,3,0
436,667,9,9,356,311,36,399,430,198,36,399,430,198,0,4,3,1,88,89,87,86,86,75,70,56,25,5,0
437,667,9,9,355,312,36,399,432,200,36,399,432,200,0,4,3,1,89,88,89,85,85,77,70,55,25,4,0
438,667,9,9,353,314,34,400,434,201,34,400,434,201,0,4,3,1,89,88,89,85,85,80,63,57,28,3,0
439,667,9,9,353,314,32,405,436,206,32,405,436,206,0,4,3,1,90,87,88,85,83,82,64,57,26,5,0
440,667,9,9,351,316,31,401,441,206,31,401,441,206,0,4,3,1,90,87,88,86,81,84,61,60,26,4,0
441,667,9,9,352,315,32,399,443,207,32,399,443,207,0,4,3,1,90,88,87,87,81,84,64,59,25,2,0
442,667,9,9,350,317,31,399,442,205,31,399,442,205,0,3,3,1,89,88,87,87,83,84,63,61,22,3,0
443,667,9,9,351,316,30,402,444,209,30,402,444,209,0,3,3,1,90,87,87,87,84,83,64,58,23,4,0
444,667,9,9,353,314,29,403,447,212,29,403,447,212,0,3,3,1,90,87,89,86,84,85,65,56,23,2,0
445,667,9,9,354,313,30,402,448,213,30,402,448,213,0,3,3,1,89,87,89,86,84,85,66,56,23,2,0
446,667,9,9,355,312,29,403,447,212,29,403,447,212,0,3,3,1,90,86,89,86,86,82,68,54,25,1,0
447,667,9,9,355,312,27,406,447,213,27,406,447,213,0,3,3,1,89,87,88,88,85,81,69,51,26,3,0
448,667,9,9,355,312,27,404,447,211,27,404,447,211,0,3,3,1,89,87,88,88,85,81,75,47,23,4,0
449,667,9,9,354,313,27,405,447,212,27,405,447,212,0,3,2,1,89,88,87,88,85,82,75,49,21,3,0
450,667,9,9,355,312,25,404,454,216,25,404,454,216,0,3,2,1,89,87,87,88,86,79,75,48,26,2,0
451,667,9,9,351,316,23,407,457,220,23,407,457,220,0,3,2,1,90,87,87,86,86,78,75,50,25,3,0
452,667,9,9,355,312,23,410,456,222,23,410,456,222,0,3,2,1,89,87,87,85,86,80,73,49,26,5,0
453,667,9,9,361,306,22,409,458,222,22,409,458,222,0,3,2,1,89,88,86,85,85,81,71,51,26,5,0
454,667,9,9,360,307,22,408,458,221,22,408,458,221,0,3,2,1,89,88,86,87,84,79,76,51,24,3,0
455,667,9,9,359,308,22,409,460,224,22,409,460,224,0,3,2,1,89,88,86,87,83,79,75,54,22,4,0
456,667,9,9,359,308,22,408,459,222,22,408,459,222,0,3,2,1,90,88,85,87,84,80,70,57,23,3,0
457,667,9,9,361,306,23,409,458,223,23,409,458,223,0,3,2,1,89,88,86,87,84,79,70,55,26,3,0
458,667,9,9,361,306,23,411,457,224,23,411,457,224,0,3,2,1,89,88,86,87,84,78,73,59,20,3,0
459,667,9,9,362,305,24,407,458,222,24,407,458,222,0,3,2,1,89,88,87,87,84,79,73,56,23,1,0
460,667,9,9,364,303,23,407,459,222,23,407,459,222,0,3,2,1,89,88,86,87,84,79,70,58,24,2,0
461,667,9,9,359,308,24,408,458,223,24,408,458,223,0,3,2,1,89,89,86,87,83,80,69,55,26,3,0
462,667,9,9,356,311,23,414,457,227,23,414,457,227,0,3,2,1,89,89,86,87,83,80,70,55,25,3,0
463,667,9,9,357,310,23,415,456,227,23,415,456,227,0,3,2,1,89,89,87,86,83,81,69,50,28,5,0
464,667,9,9,357,310,23,413,457,226,23,413,457,226,0,3,2,1,89,89,87,86,85,81,66,53,27,4,0
465,667,9,9,356,311,23,410,460,226,23,410,460,226,0,3,2,1,89,89,87,86,84,80,66,54,29,3,0
466,667,9,9,353,314,25,411,459,228,25,411,459,228,0,3,2,1,90,89,88,84,84,81,66,52,30,3,0
467,667,9,9,356,311,27,411,458,229,27,411,458,229,0,3,3,2,90,89,88,85,84,82,66,51,28,4,0
468,667,9,9,355,312,26,413,460,232,26,413,460,232,0,3,3,2,90,89,88,85,82,83,65,53,29,3,0
469,667,9,9,354,313,25,412,462,232,25,412,462,232,0,4,3,2,90,88,88,86,82,82,66,53,26,6,0
470,667,9,9,356,311,26,411,463,233,26,411,463,233,0,4,3,2,90,88,88,86,82,83,66,50,27,7,0
471,667,9,9,355,312,27,407,461,228,27,407,461,228,0,4,2,1,90,88,89,86,83,81,68,51,27,4,0
472,667,9,9,354,313,27,405,461,226,27,405,461,226,0,4,2,1,90,88,89,86,83,80,69,53,26,3,0
473,667,9,9,352,315,28,404,458,223,28,404,458,223,0,4,2,1,90,88,89,87,82,80,71,57,21,2,0
474,667,9,9,355,312,29,400,461,223,29,400,461,223,0,4,2,1,90,88,89,87,81,82,70,56,22,2,0
475,667,9,9,355,312,30,399,461,223,30,399,461,223,0,4,2,1,90,88,89,87,83,82,70,55,21,2,0
476,667,9,9,355,312,30,400,461,224,30,400,461,224,0,4,2,1,90,90,88,88,81,82,69,55,21,3,0
477,667,9,9,355,312,28,402,463,226,28,402,463,226,0,4,2,1,90,89,88,88,83,80,71,53,20,5,0
478,667,9,9,353,314,27,401,466,227,27,401,466,227,0,4,2,1,90,89,87,88,84,79,76,52,19,3,0
479,667,9,9,355,312,26,397,469,225,26,397,469,225,0,4,2,1,90,89,88,87,84,80,76,52,20,1,0
480,667,9,9,352,315,26,399,468,226,26,399,468,226,0,4,2,1,90,89,88,86,84,79,76,53,21,1,0
481,667,9,9,354,313,25,400,470,228,25,400,470,228,0,3,2,1,89,90,87,86,84,76,74,55,25,1,0
482,667,9,9,354,313,26,400,469,228,26,400,469,228,0,3,2,1,89,90,87,86,83,76,75,57,23,1,0
483,667,9,9,352,315,27,399,471,230,27,399,471,230,0,3,2,1,90,89,87,86,85,74,73,59,24,0,0
484,667,9,9,352,315,26,399,474,232,26,399,474,232,0,3,2,1,90,89,87,86,84,75,73,58,24,1,0
485,667,9,9,352,315,26,399,476,234,26,399,476,234,0,3,2,1,90,89,87,86,84,77,72,57,24,1,0
486,667,9,9,352,315,25,399,478,235,25,399,478,235,0,3,2,1,90,88,89,85,85,74,73,59,22,2,0
487,667,9,9,349,318,24,402,479,238,24,402,479,238,0,3,1,1,90,88,89,84,86,76,68,61,22,3,0
488,667,9,9,346,321,24,404,480,241,24,404,480,241,0,3,1,1,90,88,89,85,84,76,68,62,21,4,0
489,667,9,9,344,323,24,400,482,239,24,400,482,239,0,3,1,1,90,88,89,85,84,76,69,62,22,2,0
490,667,9,9,348,319,23,398,482,236,23,398,482,236,0,3,1,1,90,88,88,85,84,77,68,64,22,1,0
491,667,9,9,347,320,23,401,482,239,23,401,482,239,0,3,1,1,90,89,88,84,85,78,68,60,22,3,0
492,667,9,9,351,316,24,401,480,238,24,401,480,238,0,3,1,1,90,89,88,85,84,79,66,61,25,0,0
493,667,9,9,353,314,24,405,479,241,24,405,479,241,0,3,1,1,90,89,87,85,84,80,64,60,27,1,0
494,667,9,9,354,313,24,406,480,243,24,406,480,243,0,3,1,1,90,89,87,86,83,79,67,58,27,1,0
495,667,9,9,357,310,24,405,480,242,24,405,480,242,0,3,1,1,90,89,87,86,83,79,67,58,26,2,0
496,667,9,9,357,310,24,404,478,239,24,404,478,239,0,3,1,1,90,89,88,87,83,81,65,55,27,2,0
497,667,9,9,355,312,25,404,476,238,25,404,476,238,0,2,1,1,90,88,88,88,82,81,68,51,31,0,0
498,667,9,9,352,315,25,406,475,239,25,406,475,239,0,2,1,1,90,88,88,87,84,79,69,51,31,0,0
499,667,9,9,351,316,24,405,474,236,24,405,474,236,0,2,1,1,90,88,88,86,84,79,69,54,29,0,0
500,667,9,9,350,317,24,406,473,236,24,406,473,236,0,2,1,1,90,88,87,87,83,79,71,52,28,2,0
501,667,9,9,350,317,24,405,474,236,24,405,474,236,0,2,1,1,90,88,88,87,82,81,70,52,26,3,0
502,667,9,9,349,318,23,407,475,238,23,407,475,238,0,2,1,1,90,89,86,87,82,80,71,54,27,1,0
503,667,9,9,348,319,24,406,475,238,24,406,475,238,0,2,1,1,90,89,87,86,82,79,73,48,31,2,0
504,667,9,9,351,316,23,405,475,236,23,405,475,236,0,2,1,1,89,89,87,86,84,78,73,52,29,0,0
505,667,9,9,351,316,22,409,474,238,22,409,474,238,0,2,1,1,89,89,87,85,84,79,74,51,27,2,0
506,667,9,9,351,316,23,408,472,236,23,408,472,236,0,2,1,1,89,89,88,85,85,78,75,48,28,2,0
507,667,9,9,350,317,23,408,472,236,23,408,472,236,0,2,1,1,89,89,88,85,85,76,74,50,28,3,0
508,667,9,9,351,316,24,408,469,234,24,408,469,234,0,2,1,1,89,89,88,85,85,79,71,50,29,2,0
509,667,9,9,352,315,23,407,473,236,23,407,473,236,0,2,1,1,89,89,88,85,84,79,72,51,30,0,0
510,667,9,9,350,317,22,408,475,238,22,408,475,238,0,1,1,1,89,90,88,84,84,76,70,58,26,2,0
511,667,9,9,349,318,21,408,474,236,21,408,474,236,0,1,1,1,89,90,88,85,84,74,71,61,24,1,0
512,667,9,9,346,321,19,410,475,237,19,410,475,237,0,1,3,2,89,89,89,84,83,75,70,62,22,4,0
513,667,9,9,344,323,18,407,474,232,18,407,474,232,0,1,3,2,89,88,89,86,81,77,68,64,19,6,0
514,667,9,9,345,322,18,404,475,230,18,404,475,230,0,1,4,3,89,88,89,86,81,80,65,62,23,4,0
515,667,9,9,346,321,18,403,477,231,18,403,477,231,0,1,5,4,89,88,88,87,80,80,65,63,26,1,0
516,667,9,9,345,322,19,401,477,230,19,401,477,230,0,1,5,4,90,87,88,88,82,79,64,63,24,2,0
517,667,9,9,342,325,18,403,478,232,18,403,478,232,0,1,5,4,90,87,88,88,83,80,62,61,26,2,0
518,667,9,9,341,326,18,404,477,232,18,404,477,232,0,1,5,4,90,87,88,88,82,79,65,58,28,2,0
519,667,9,9,341,326,18,406,477,234,18,406,477,234,0,0,5,4,90,88,87,87,83,78,67,59,25,3,0
520,667,9,9,335,332,18,407,480,238,18,407,480,238,0,0,5,4,90,88,88,87,82,79,65,55,30,3,0
521,667,9,9,337,330,21,401,480,235,21,401,480,235,0,0,5,4,90,87,88,87,83,80,64,56,30,2,0
522,667,9,9,335,332,21,404,477,235,21,404,477,235,0,0,5,4,90,87,88,88,82,81,64,55,30,2,0
523,667,9,9,333,334,22,402,476,233,22,402,476,233,0,0,5,4,90,88,87,88,84,79,65,53,30,3,0
524,667,9,9,332,335,24,403,473,233,24,403,473,233,0,0,5,4,90,88,87,88,85,78,67,50,31,3,0
525,667,9,9,330,337,22,402,473,230,22,402,473,230,0,0,5,4,90,87,88,86,86,78,67,50,33,2,0
526,667,9,9,331,336,22,402,470,227,22,402,470,227,0,0,5,4,90,88,87,87,86,80,68,50,30,1,0
527,667,9,9,327,340,23,401,468,225,23,401,468,225,0,0,5,4,90,88,87,87,86,81,69,49,28,2,0
528,667,9,9,328,339,24,403,466,226,24,403,466,226,0,0,5,4,90,89,86,87,85,80,67,52,28,3,0
529,667,9,9,328,339,24,401,466,224,24,401,466,224,0,0,5,4,90,89,87,87,84,81,67,52,27,3,0
530,667,9,9,331,336,25,400,464,222,25,400,464,222,0,0,5,4,90,90,86,88,84,80,67,54,28,0,0
531,667,9,9,335,332,26,402,461,222,26,402,461,222,0,0,5,4,90,90,86,88,84,81,68,52,27,1,0
532,667,9,9,335,332,25,406,462,226,25,406,462,226,0,0,5,4,88,90,86,87,86,79,72,52,27,0,0
533,667,9,9,336,331,24,407,459,223,24,407,459,223,0,0,5,4,88,89,86,86,86,81,71,53,25,2,0
534,667,9,9,336,331,24,405,457,219,24,405,457,219,0,0,5,4,88,89,87,85,86,82,69,55,25,1,0
535,667,9,9,339,328,23,404,459,219,23,404,459,219,0,0,5,4,88,89,86,86,85,82,69,51,29,2,0
536,667,9,9,336,331,23,404,458,218,23,404,458,218,0,0,5,4,88,88,87,85,87,81,72,50,28,1,0
537,667,9,9,334,333,22,409,458,222,22,409,458,222,0,0,5,4,88,88,88,82,86,82,71,53,27,2,0
538,667,9,9,331,336,21,410,459,223,21,410,459,223,0,0,5,4,89,87,89,81,84,81,72,52,31,1,0
539,667,9,9,334,333,22,410,457,222,22,410,457,222,0,0,5,4,89,87,89,83,83,79,72,51,32,2,0
540,667,9,9,334,333,21,408,459,221,21,408,459,221,0,0,5,4,89,87,89,82,83,80,72,52,30,3,0
541,667,9,9,333,334,20,411,456,220,20,411,456,220,0,0,5,4,90,87,88,82,82,80,73,55,29,1,0
542,667,9,9,332,335,21,410,457,221,21,410,457,221,0,0,5,4,90,87,88,82,83,80,70,56,30,1,0
543,667,9,9,331,336,20,410,458,221,20,410,458,221,0,0,5,4,90,87,87,84,82,82,71,53,28,3,0
544,667,9,9,329,338,20,411,459,223,20,411,459,223,0,0,5,4,90,87,87,85,81,83,70,51,28,5,0
545,667,9,9,332,335,22,411,454,220,22,411,454,220,0,0,5,4,89,87,87,85,82,82,72,51,27,5,0
546,667,9,9,332,335,22,407,456,218,22,407,456,218,0,0,5,4,89,87,87,86,81,83,72,53,26,3,0
547,667,9,9,332,335,23,408,455,219,23,408,455,219,0,0,5,4,89,88,86,88,81,81,72,52,26,4,0
548,667,9,9,331,336,23,405,454,215,23,405,454,215,0,0,5,4,89,89,85,88,80,81,72,54,27,2,0
549,667,9,9,327,340,22,404,458,217,22,404,458,217,0,0,5,4,90,88,85,88,83,79,69,52,32,1,0
550,667,9,9,325,342,23,403,458,217,23,403,458,217,0,0,5,4,90,88,86,88,82,79,69,51,32,2,0
551,667,9,9,323,344,24,406,455,218,24,406,455,218,0,0,5,4,90,89,86,87,81,77,71,54,30,2,0
552,667,9,9,326,341,25,406,452,216,25,406,452,216,0,0,5,4,90,89,86,87,81,76,71,54,29,4,0
553,667,9,9,333,334,23,410,450,216,23,410,450,216,0,0,5,4,90,89,84,86,83,75,74,55,26,5,0
554,667,9,9,334,333,24,408,450,215,24,408,450,215,0,0,5,4,90,89,85,85,84,74,72,59,25,4,0
555,667,9,9,332,335,25,409,451,218,25,409,451,218,0,0,6,5,90,89,86,85,83,77,67,63,24,3,0
556,667,9,9,329,338,26,410,449,218,26,410,449,218,0,1,6,5,90,89,86,85,84,75,67,62,25,4,0
557,667,9,9,325,342,25,410,449,217,25,410,449,217,0,1,5,4,90,89,87,84,86,75,65,60,25,6,0
558,667,9,9,323,344,25,410,448,216,25,410,448,216,0,1,5,4,90,89,88,83,86,76,63,61,24,7,0
559,667,9,9,321,346,24,410,447,214,24,410,447,214,0,1,5,4,89,90,88,82,87,78,64,60,26,3,0
560,667,9,9,320,347,25,414,443,215,25,414,443,215,0,1,5,4,90,89,88,83,87,77,64,60,26,3,0
561,667,9,9,319,348,26,415,441,215,26,415,441,215,0,1,5,4,90,89,89,83,86,78,63,61,26,2,0
562,667,9,9,315,352,25,416,442,216,25,416,442,216,0,1,5,4,90,89,89,83,85,77,66,58,28,2,0
563,667,9,9,317,350,26,413,444,216,26,413,444,216,0,1,5,4,90,89,88,83,84,78,67,58,28,2,0
564,667,9,9,316,351,27,414,440,214,27,414,440,214,0,1,5,4,90,89,88,84,83,81,63,57,29,3,0
565,667,9,9,313,354,27,415,438,213,27,415,438,213,0,1,5,4,90,88,88,83,83,81,65,53,32,4,0
566,667,9,9,315,352,26,416,435,210,26,416,435,210,0,1,5,4,90,87,88,83,84,81,67,53,30,4,0
567,667,9,9,312,355,25,417,434,209,25,417,434,209,0,1,5,4,90,87,88,85,81,83,65,53,31,4,0
568,667,9,9,313,354,25,421,429,208,25,421,429,208,0,2,5,4,89,87,89,85,80,84,65,52,31,5,0
569,667,9,9,315,352,25,424,426,208,25,424,426,208,0,2,5,4,89,87,90,84,79,85,69,49,31,4,0
570,667,9,9,313,354,25,421,427,206,25,421,427,206,0,2,5,4,89,89,87,84,81,84,69,49,31,4,0
571,667,9,9,313,354,26,422,426,207,26,422,426,207,0,2,5,4,89,89,87,85,82,81,71,50,30,3,0
572,667,9,9,312,355,27,422,426,208,27,422,426,208,0,2,5,4,87,89,87,84,81,81,72,51,31,4,0
573,667,9,9,314,353,27,422,429,211,27,422,429,211,0,2,5,4,89,87,87,84,82,79,73,51,32,3,0
574,667,9,9,314,353,27,418,431,209,27,418,431,209,0,2,5,4,90,86,87,85,82,78,75,51,27,6,0
575,667,9,9,314,353,29,417,429,208,29,417,429,208,0,2,5,4,90,87,87,85,81,78,73,55,25,6,0
576,667,9,9,314,353,29,417,426,205,29,417,426,205,0,2,5,4,90,87,87,85,81,79,73,57,24,4,0
577,667,9,9,311,356,31,414,425,203,31,414,425,203,0,2,5,4,90,86,87,86,82,77,75,57,22,5,0
578,667,9,9,311,356,30,415,423,201,30,415,423,201,0,2,5,4,90,86,86,87,83,76,76,55,25,3,0
579,667,9,9,311,356,30,415,423,201,30,415,423,201,0,2,5,4,90,86,85,88,83,75,76,56,24,4,0
580,667,9,9,315,352,31,414,423,201,31,414,423,201,0,2,5,4,90,86,87,86,83,78,74,57,22,4,0
581,667,9,9,313,354,31,415,422,201,31,415,422,201,0,2,6,5,90,86,87,86,84,79,71,59,22,3,0
582,667,9,9,314,353,31,412,425,201,31,412,425,201,0,2,6,5,90,86,86,87,84,78,71,58,23,4,0
583,667,9,9,319,348,31,413,428,205,31,413,428,205,0,2,6,5,90,88,84,87,82,77,72,59,23,5,0
584,667,9,9,319,348,32,411,427,203,32,411,427,203,0,2,6,5,89,90,82,87,84,76,72,58,24,5,0
585,667,9,9,319,348,30,413,429,205,30,413,429,205,0,2,6,5,87,90,84,86,83,76,72,57,28,4,0
586,667,9,9,315,352,29,415,427,204,29,415,427,204,0,2,6,5,87,90,85,85,83,76,71,58,30,2,0
587,667,9,9,314,353,30,413,430,206,30,413,430,206,0,2,6,5,88,89,85,85,84,77,68,59,30,2,0
588,667,9,9,313,354,32,412,429,206,32,412,429,206,0,2,6,5,88,89,86,83,86,77,66,61,29,2,0
589,667,9,9,313,354,32,416,426,207,32,416,426,207,0,2,6,5,88,88,86,83,87,76,65,62,30,2,0
590,667,9,9,315,352,31,417,425,206,31,417,425,206,0,2,6,5,88,88,86,84,85,79,65,58,32,2,0
591,667,9,9,317,350,30,418,422,203,30,418,422,203,0,2,6,5,88,88,86,84,86,79,67,51,34,4,0
592,667,9,9,317,350,29,421,420,203,29,421,420,203,0,2,5,5,89,87,86,84,87,79,65,54,31,5,0
593,667,9,9,318,349,29,422,419,203,29,422,419,203,0,2,5,5,89,87,86,83,86,77,66,56,32,5,0
594,667,9,9,318,349,29,423,420,205,29,423,420,205,0,2,5,5,89,87,88,82,85,79,63,57,33,4,0
595,667,9,9,316,351,31,421,419,204,31,421,419,204,0,2,5,5,90,86,88,84,84,79,68,53,30,5,0
596,667,9,9,315,352,29,422,421,205,29,422,421,205,0,2,5,5,90,85,88,85,82,80,68,54,30,5,0
597,667,9,9,313,354,28,419,423,203,28,419,423,203,0,2,5,5,89,86,87,85,83,78,68,54,32,5,0
598,667,9,9,308,359,29,416,422,200,29,416,422,200,0,2,5,5,89,86,88,85,81,82,68,49,35,4,0
599,667,9,9,310,357,28,416,423,200,28,416,423,200,0,2,5,5,88,87,87,85,81,83,66,53,31,6,0
600,667,9,9,312,355,28,419,419,199,28,419,419,199,0,2,5,5,88,87,87,85,83,80,68,53,29,7,0
601,667,9,9,311,356,30,417,420,200,30,417,420,200,0,2,5,5,88,87,87,85,84,81,67,55,29,4,0
602,667,9,9,308,359,30,420,418,201,30,420,418,201,0,2,5,5,88,88,87,84,84,80,66,53,31,6,0
603,667,9,9,312,355,30,422,417,202,30,422,417,202,0,2,5,5,88,88,87,86,83,79,69,51,32,4,0
604,667,9,9,315,352,31,417,419,200,31,417,419,200,0,2,4,4,87,89,86,88,82,79,72,50,31,3,0
605,667,9,9,316,351,32,418,419,202,32,418,419,202,0,2,3,3,88,89,85,88,83,78,70,54,27,5,0
606,667,9,9,321,346,34,417,416,200,34,417,416,200,0,2,2,2,89,88,85,88,84,77,72,52,26,6,0
607,667,9,9,323,344,34,416,416,199,34,416,416,199,0,3,2,2,90,86,86,87,83,77,73,54,26,5,0
608,667,9,9,320,347,36,414,414,197,36,414,414,197,0,3,2,2,90,86,86,88,84,75,75,53,27,3,0
609,667,9,9,319,348,36,415,413,197,36,415,413,197,0,3,2,2,90,87,86,87,84,77,73,53,28,2,0
610,667,9,9,324,343,35,418,411,197,35,418,411,197,0,3,2,2,90,86,86,87,83,79,69,57,26,4,0
611,667,9,9,323,344,37,418,412,200,37,418,412,200,0,3,2,2,89,86,86,87,83,80,69,57,27,3,0
612,667,9,9,326,341,38,420,407,198,38,420,407,198,0,3,2,2,89,86,87,87,82,80,71,56,26,3,0
613,667,9,9,325,342,38,421,405,197,38,421,405,197,0,3,2,2,89,86,87,87,84,79,70,59,23,3,0
614,667,9,9,327,340,37,423,404,197,37,423,404,197,0,3,2,2,89,86,88,85,86,78,68,60,25,2,0
615,667,9,9,324,343,37,425,404,199,37,425,404,199,0,3,2,2,89,87,88,85,87,77,68,61,25,0,0
616,667,9,9,324,343,37,425,405,200,37,425,405,200,0,3,2,2,90,87,87,84,86,79,67,61,24,2,0
617,667,9,9,323,344,38,423,404,198,38,423,404,198,0,3,2,2,90,88,86,85,85,78,66,62,26,1,0
618,667,9,9,323,344,38,423,404,198,38,423,404,198,0,2,2,2,89,88,86,85,86,78,65,63,26,1,0
619,667,9,9,320,347,39,426,398,196,39,426,398,196,0,3,2,2,89,88,87,85,85,78,67,58,28,2,0
620,667,9,9,321,346,39,429,396,197,39,429,396,197,0,3,2,2,89,88,86,85,84,79,69,54,31,2,0
621,667,9,9,317,350,38,430,394,195,38,430,394,195,0,3,2,2,89,88,85,86,84,79,69,54,30,3,0
622,667,9,9,316,351,39,428,393,193,39,428,393,193,0,3,2,2,89,88,85,87,84,77,73,51,29,4,0
623,667,9,9,319,348,39,424,396,192,39,424,396,192,0,3,2,2,89,88,83,87,84,80,73,50,30,3,0
624,667,9,9,318,349,40,424,394,191,40,424,394,191,0,3,2,2,90,87,83,88,83,83,70,49,33,1,0
625,667,9,9,319,348,39,423,395,190,39,423,395,190,0,3,2,2,90,87,85,87,83,83,71,49,30,2,0
626,667,9,9,321,346,38,426,396,193,38,426,396,193,0,3,2,2,90,88,85,86,83,81,73,50,29,2,0
627,667,9,9,322,345,37,425,397,192,37,425,397,192,0,3,2,2,90,88,87,84,84,80,72,47,31,4,0
628,667,9,9,321,346,37,424,399,193,37,424,399,193,0,3,2,2,90,88,87,84,83,80,73,53,22,7,0
629,667,9,9,323,344,36,423,399,191,36,423,399,191,0,3,2,2,90,88,87,85,82,78,73,58,21,5,0
630,667,9,9,325,342,35,424,398,190,35,424,398,190,0,3,2,2,90,88,88,84,83,78,72,62,18,4,0
631,667,9,9,323,344,35,422,399,189,35,422,399,189,0,3,2,2,90,89,88,83,84,77,71,59,23,3,0
632,667,9,9,322,345,34,422,399,188,34,422,399,188,0,3,2,2,90,89,88,83,86,78,67,61,21,4,0
633,667,9,9,321,346,33,425,398,189,33,425,398,189,0,3,2,2,90,89,88,83,85,77,68,63,20,4,0
634,667,9,9,325,342,34,424,397,188,34,424,397,188,0,3,2,2,90,90,87,83,86,76,72,58,22,3,0
635,667,9,9,321,346,35,423,398,189,35,423,398,189,0,3,2,2,90,90,87,84,85,79,69,59,22,2,0
636,667,9,9,322,345,34,425,398,190,34,425,398,190,0,3,2,2,90,90,88,81,84,80,68,60,23,3,0
637,667,9,9,324,343,32,425,399,189,32,425,399,189,0,3,2,2,90,90,88,83,79,82,70,59,23,3,0
638,667,9,9,325,342,34,426,397,190,34,426,397,190,0,3,2,2,90,90,88,85,77,81,72,60,22,2,0
639,667,9,9,324,343,34,426,399,192,34,426,399,192,0,3,2,2,90,90,88,84,79,80,69,60,25,2,0
640,667,9,9,323,344,34,427,399,193,34,427,399,193,0,3,2,2,90,90,88,85,79,80,66,59,29,1,0
641,667,9,9,321,346,33,430,398,194,33,430,398,194,0,3,3,3,90,90,89,84,78,81,65,58,29,3,0
642,667,9,9,320,347,34,428,397,192,34,428,397,192,0,2,3,3,90,90,89,84,78,83,68,55,28,2,0
643,667,9,9,319,348,32,430,397,192,32,430,397,192,0,2,3,3,90,90,89,85,79,80,67,56,30,1,0
644,667,9,9,318,349,33,429,400,195,33,429,400,195,0,2,3,3,90,90,90,86,77,83,65,58,27,1,0
645,667,9,9,317,350,34,427,396,190,34,427,396,190,0,2,3,3,90,90,90,86,78,83,68,53,26,3,0
646,667,9,9,319,348,33,430,396,192,33,430,396,192,0,3,2,2,90,90,90,88,77,82,67,52,28,3,0
647,667,9,9,321,346,34,430,395,192,34,430,395,192,0,3,2,2,90,90,90,88,80,79,70,52,24,4,0
648,667,9,9,322,345,33,432,392,190,33,432,392,190,0,3,2,2,90,89,90,88,82,75,71,53,24,5,0
649,667,9,9,322,345,33,430,394,190,33,430,394,190,0,3,2,2,90,89,90,88,82,76,69,54,24,5,0
650,667,9,9,323,344,31,431,396,191,31,431,396,191,0,3,2,2,90,89,89,88,82,76,69,53,26,5,0
651,667,9,9,323,344,31,431,395,190,31,431,395,190,0,3,2,2,90,89,89,89,82,74,71,52,26,5,0
652,667,9,9,321,346,30,433,396,192,30,433,396,192,0,3,2,2,90,89,89,89,81,74,73,53,23,6,0
653,667,9,9,322,345,29,436,393,191,29,436,393,191,0,3,2,2,89,89,89,89,81,74,73,52,26,5,0
654,667,9,9,323,344,25,437,395,190,25,437,395,190,0,3,2,2,89,88,89,88,83,70,76,53,28,3,0
655,667,9,9,326,341,26,439,394,192,26,439,394,192,0,3,2,2,90,88,88,88,83,72,75,57,21,5,0
656,667,9,9,328,339,27,435,394,189,27,435,394,189,0,3,2,2,90,89,86,89,84,71,72,59,25,2,0
657,667,9,9,328,339,27,434,395,189,27,434,395,189,0,3,2,2,90,89,86,89,84,76,64,59,27,3,0
658,667,9,9,325,342,27,435,395,190,27,435,395,190,0,3,2,2,90,89,86,89,84,76,64,57,28,4,0
659,667,9,9,324,343,29,435,393,190,29,435,393,190,0,3,2,2,90,89,86,90,84,74,67,56,26,5,0
660,667,9,9,327,340,29,439,388,189,29,439,388,189,0,3,2,2,90,89,87,88,83,76,68,56,25,5,0
661,667,9,9,326,341,30,438,387,188,30,438,387,188,0,3,2,2,90,89,87,88,84,75,68,56,25,5,0
662,667,9,9,324,343,27,438,389,187,27,438,389,187,0,2,2,2,90,89,87,87,84,73,65,59,29,4,0
663,667,9,9,321,346,26,441,388,188,26,441,388,188,0,2,2,2,89,89,87,88,84,72,65,58,30,5,0
664,667,9,9,319,348,25,443,388,189,25,443,388,189,0,2,2,2,89,89,87,88,85,75,58,61,29,6,0
665,667,9,9,320,347,26,444,384,187,26,444,384,187,0,2,2,2,89,90,88,86,85,75,61,59,28,6,0
666,667,9,9,319,348,26,442,383,184,26,442,383,184,0,2,2,2,89,90,89,85,86,76,60,57,31,4,0
667,667,9,9,320,347,29,438,384,184,29,438,384,184,0,2,2,2,89,89,89,86,85,77,61,52,35,4,0
668,667,9,9,319,348,30,439,380,182,30,439,380,182,0,2,2,2,90,88,89,86,86,79,61,53,33,2,0
669,667,9,9,318,349,30,441,377,181,30,441,377,181,0,2,2,2,90,88,89,86,86,78,61,54,33,2,0
670,667,9,9,316,351,30,444,375,182,30,444,375,182,0,2,2,2,90,88,89,87,85,78,64,52,32,2,0
671,667,9,9,313,354,30,441,375,179,30,441,375,179,0,2,1,1,90,88,89,87,85,79,64,52,30,3,0
672,667,9,9,314,353,31,441,377,182,31,441,377,182,0,2,1,1,90,88,89,87,85,80,64,49,31,4,0
673,667,9,9,315,352,31,441,375,180,31,441,375,180,0,2,1,1,90,87,89,86,86,80,65,50,29,5,0
674,667,9,9,312,355,30,441,375,179,30,441,375,179,0,2,1,1,90,88,87,87,86,80,65,50,31,3,0
675,667,9,9,310,357,30,442,374,179,30,442,374,179,0,3,1,1,90,88,88,88,84,80,68,49,28,4,0
676,667,9,9,312,355,30,442,374,179,30,442,374,179,0,3,1,1,90,88,88,89,81,82,70,46,30,3,0
677,667,9,9,315,352,30,441,372,176,30,441,372,176,0,3,1,1,90,88,89,87,83,81,69,49,27,4,0
678,667,9,9,321,346,31,441,372,177,31,441,372,177,0,4,1,1,90,89,88,87,82,82,68,50,27,4,0
679,667,9,9,320,347,30,444,371,178,30,444,371,178,0,4,1,1,89,90,87,87,83,82,68,52,26,3,0
680,667,9,9,320,347,30,443,372,178,30,443,372,178,0,4,1,1,89,89,87,87,84,81,67,53,28,2,0
681,667,9,9,322,345,29,444,374,180,29,444,374,180,0,4,1,1,89,89,87,87,85,80,69,52,26,3,0
682,667,9,9,322,345,30,443,375,181,30,443,375,181,0,4,1,1,89,89,87,87,84,80,70,53,24,4,0
683,667,9,9,322,345,30,442,375,180,30,442,375,180,0,4,1,1,89,89,87,87,84,81,70,52,25,3,0
684,667,9,9,320,347,28,444,379,184,28,444,379,184,0,4,1,1,89,89,88,87,83,80,67,54,26,4,0
685,667,9,9,320,347,27,446,377,183,27,446,377,183,0,4,1,1,89,89,87,88,86,76,68,53,26,5,0
686,667,9,9,322,345,27,446,374,180,27,446,374,180,0,4,1,1,89,89,87,88,88,74,70,53,23,6,0
687,667,9,9,321,346,26,447,374,180,26,447,374,180,0,4,1,1,89,89,85,89,86,76,72,53,24,4,0
688,667,9,9,321,346,28,446,374,181,28,446,374,181,0,4,2,2,90,88,86,88,85,77,71,55,23,4,0
689,667,9,9,318,349,30,446,371,180,30,446,371,180,0,3,2,2,90,88,87,87,85,77,71,56,22,4,0
690,667,9,9,318,349,31,448,370,182,31,448,370,182,0,3,2,2,90,87,87,87,86,77,71,54,23,5,0
691,667,9,9,318,349,31,448,370,182,31,448,370,182,0,3,2,2,89,87,87,86,85,80,69,56,23,5,0
692,667,9,9,320,347,31,445,371,180,31,445,371,180,0,3,2,2,89,88,86,86,85,81,70,54,25,3,0
693,667,9,9,319,348,31,445,369,178,31,445,369,178,0,3,2,2,89,88,85,86,85,81,71,53,26,3,0
694,667,9,9,319,348,31,442,372,178,31,442,372,178,0,3,2,2,89,88,85,87,85,81,70,55,24,3,0
695,667,9,9,322,345,30,443,370,176,30,443,370,176,0,3,2,2,89,88,86,86,85,83,67,55,26,2,0
696,667,9,9,318,349,32,441,372,178,32,441,372,178,0,3,2,2,89,87,87,85,85,82,66,57,27,2,0
697,667,9,9,315,352,33,441,373,180,33,441,373,180,0,4,2,2,89,87,87,84,87,78,67,58,26,4,0
698,667,9,9,320,347,34,441,375,183,34,441,375,183,0,4,2,2,89,88,86,85,87,76,68,59,26,3,0
699,667,9,9,323,344,34,443,374,184,34,443,374,184,0,4,2,2,89,88,86,86,86,77,66,59,26,4,0
700,667,9,9,323,344,34,443,376,186,34,443,376,186,0,4,2,2,89,89,86,86,85,78,67,58,23,6,0
701,667,9,9,324,343,32,444,376,185,32,444,376,185,0,4,2,2,89,89,85,86,86,76,71,59,22,4,0
702,667,9,9,326,341,31,447,377,188,31,447,377,188,0,4,2,2,89,89,86,85,85,78,69,58,22,6,0
703,667,9,9,327,340,32,445,374,184,32,445,374,184,0,4,2,2,90,87,86,85,85,79,69,59,23,4,0
704,667,9,9,331,336,33,446,374,186,33,446,374,186,0,4,2,2,90,88,85,85,86,79,69,58,21,6,0
705,667,9,9,329,338,33,443,378,187,33,443,378,187,0,4,2,2,90,88,85,86,85,79,69,57,22,6,0
706,667,9,9,330,337,33,444,376,186,33,444,376,186,0,4,2,2,89,88,85,87,84,80,69,55,25,5,0
707,667,9,9,331,336,32,443,377,185,32,443,377,185,0,4,2,2,89,89,86,86,84,81,65,58,27,2,0
708,667,9,9,331,336,33,445,376,187,33,445,376,187,0,4,2,2,89,88,87,85,85,79,65,59,27,3,0
709,667,9,9,333,334,32,446,375,186,32,446,375,186,0,4,2,2,89,88,87,85,85,78,67,58,28,2,0
710,667,9,9,335,332,31,446,375,185,31,446,375,185,0,4,2,2,89,88,88,85,84,77,70,55,27,4,0
711,667,9,9,337,330,32,449,373,187,32,449,373,187,0,4,2,2,89,88,88,85,84,79,68,59,25,2,0
712,667,9,9,338,329,32,451,376,192,32,451,376,192,0,4,2,2,89,88,88,86,83,78,71,58,24,2,0
713,667,9,9,338,329,33,451,375,192,33,451,375,192,0,4,2,2,89,88,87,86,83,78,71,59,24,2,0
714,667,9,9,337,330,32,453,374,192,32,453,374,192,0,5,2,2,89,88,88,85,82,80,69,59,25,2,0
715,667,9,9,335,332,31,453,375,192,31,453,375,192,0,5,2,2,89,88,87,85,83,81,70,58,24,2,0
716,667,9,9,332,335,30,451,376,190,30,451,376,190,0,5,2,2,89,88,87,85,85,80,69,58,24,2,0
717,667,9,9,327,340,29,451,379,192,29,451,379,192,0,5,2,2,89,89,86,86,84,80,70,53,30,0,0
718,667,9,9,328,339,26,452,383,194,26,452,383,194,0,5,2,2,88,89,86,86,82,79,71,53,32,1,0
719,667,9,9,329,338,25,454,383,195,25,454,383,195,0,5,2,2,88,88,86,86,83,80,70,55,30,1,0
720,667,9,9,328,339,24,456,382,195,24,456,382,195,0,5,2,2,89,87,87,87,83,78,69,56,29,2,0
721,667,9,9,327,340,24,455,382,194,24,455,382,194,0,5,2,2,89,87,87,86,82,78,71,54,31,2,0
722,667,9,9,326,341,22,459,383,197,22,459,383,197,0,5,2,2,89,86,87,86,82,77,71,58,29,2,0
723,667,9,9,330,337,21,458,384,196,21,458,384,196,0,5,2,2,89,87,86,85,84,76,71,56,31,2,0
724,667,9,9,330,337,23,456,383,195,23,456,383,195,0,5,2,2,89,87,87,85,83,76,72,54,32,2,0
725,667,9,9,333,334,22,460,379,194,22,460,379,194,0,5,2,2,89,87,88,84,83,76,73,56,30,1,0
726,667,9,9,330,337,21,462,379,195,21,462,379,195,0,5,2,2,89,87,88,85,82,79,72,51,34,0,0
727,667,9,9,332,335,20,465,381,199,20,465,381,199,0,5,2,2,90,86,89,85,83,80,71,53,28,2,0
728,667,9,9,332,335,19,466,384,202,19,466,384,202,0,5,2,2,90,87,88,85,84,79,70,54,27,3,0
729,667,9,9,334,333,18,468,384,203,18,468,384,203,0,4,2,2,90,87,88,85,84,82,69,54,26,2,0
730,667,9,9,338,329,18,465,387,203,18,465,387,203,0,4,2,2,90,88,87,86,85,82,67,53,29,0,0
731,667,9,9,343,324,19,462,389,203,19,462,389,203,0,3,1,1,90,89,86,86,85,80,68,55,27,1,0
732,667,9,9,343,324,21,461,388,203,21,461,388,203,0,3,1,1,90,89,86,86,85,79,66,56,29,1,0
733,667,9,9,341,326,20,463,391,207,20,463,391,207,0,3,1,1,90,89,87,86,82,81,65,58,27,2,0
734,667,9,9,337,330,20,463,392,208,20,463,392,208,0,3,1,1,90,89,87,87,82,79,64,58,26,5,0
735,667,9,9,338,329,21,467,388,209,21,467,388,209,0,3,1,1,90,89,87,88,81,79,63,59,27,4,0
736,667,9,9,338,329,21,469,385,208,21,469,385,208,0,3,1,1,90,89,87,87,82,78,67,57,26,4,0
737,667,9,9,336,331,22,468,386,209,22,468,386,209,0,3,1,1,90,90,86,88,82,80,68,55,25,3,0
738,667,9,9,338,329,22,471,384,210,22,471,384,210,0,3,1,1,90,90,87,87,82,81,69,54,23,4,0
739,667,9,9,338,329,23,470,384,210,23,470,384,210,0,3,1,1,90,90,87,87,83,79,71,56,21,3,0
740,667,9,9,338,329,23,470,385,211,23,470,385,211,0,3,1,1,90,90,88,86,84,78,72,52,23,4,0
741,667,9,9,341,326,23,468,387,211,23,468,387,211,0,3,1,1,90,90,89,85,83,78,73,53,23,3,0
742,667,9,9,342,325,22,469,387,211,22,469,387,211,0,3,1,1,90,89,89,86,81,79,72,53,23,5,0
743,667,9,9,344,323,22,467,390,212,22,467,390,212,0,3,1,1,90,89,89,86,82,77,75,50,25,4,0
744,667,9,9,345,322,21,465,391,210,21,465,391,210,0,3,1,1,90,89,89,86,82,78,72,53,26,2,0
745,667,9,9,345,322,20,468,390,211,20,468,390,211,0,3,1,1,90,89,89,86,83,74,73,51,29,3,0
746,667,9,9,346,321,21,473,386,213,21,473,386,213,0,3,1,1,90,89,89,87,84,74,71,54,25,4,0
747,667,9,9,346,321,21,474,388,216,21,474,388,216,0,3,1,1,89,89,90,86,84,74,74,55,21,5,0
748,667,9,9,349,318,21,477,382,213,21,477,382,213,0,3,1,1,89,89,90,87,83,74,74,59,17,5,0
749,667,9,9,349,318,21,475,383,212,21,475,383,212,0,3,1,1,90,88,90,87,85,75,71,58,19,4,0
750,667,9,9,351,316,20,476,386,215,20,476,386,215,0,3,1,1,90,88,90,88,83,75,71,58,19,5,0
751,667,9,9,352,315,20,477,385,215,20,477,385,215,0,3,1,1,90,89,89,89,83,73,69,59,22,4,0
752,667,9,9,352,315,21,477,382,213,21,477,382,213,0,3,1,1,90,89,89,89,84,73,70,60,19,4,0
753,667,9,9,348,319,22,476,382,213,22,476,382,213,0,3,1,1,90,89,89,89,85,74,67,62,17,5,0
754,667,9,9,347,320,23,473,382,211,23,473,382,211,0,3,1,1,90,89,89,89,85,74,66,64,18,3,0
755,667,9,9,345,322,23,473,385,214,23,473,385,214,0,3,1,1,90,89,89,89,85,75,64,62,21,3,0
756,667,9,9,345,322,23,473,387,216,23,473,387,216,0,3,1,1,90,89,89,89,86,76,63,60,23,2,0
757,667,9,9,347,320,22,474,390,219,22,474,390,219,0,4,1,1,89,89,89,90,84,78,60,62,24,2,0
758,667,9,9,345,322,22,475,389,219,22,475,389,219,0,4,1,1,89,89,89,90,86,78,60,59,24,3,0
759,667,9,9,347,320,22,477,386,218,22,477,386,218,0,4,1,1,89,90,88,90,86,80,64,54,25,1,0
760,667,9,9,345,322,22,476,388,219,22,476,388,219,0,4,1,1,89,90,88,90,86,79,67,53,24,1,0
761,667,9,9,341,326,22,479,386,220,22,479,386,220,0,4,1,1,90,89,89,88,87,79,66,50,28,1,0
762,667,9,9,340,327,23,477,385,218,23,477,385,218,0,4,1,1,90,89,89,88,87,80,64,50,28,2,0
763,667,9,9,342,325,25,477,382,217,25,477,382,217,0,4,1,1,90,89,89,88,88,81,65,47,29,1,0
764,667,9,9,342,325,24,477,383,217,24,477,383,217,0,5,1,1,90,89,89,88,88,82,65,45,30,1,0
765,667,9,9,341,326,24,477,383,217,24,477,383,217,0,5,1,1,90,89,89,88,89,81,64,48,26,3,0
766,667,9,9,339,328,24,476,381,214,24,476,381,214,0,5,1,1,90,89,89,88,87,81,68,48,25,2,0
767,667,9,9,339,328,24,477,382,216,24,477,382,216,0,5,1,1,89,89,89,88,87,81,69,49,26,0,0
768,667,9,9,334,333,25,476,383,217,25,476,383,217,1,5,1,1,89,89,89,88,86,82,69,48,25,2,0
769,667,9,9,331,336,23,477,382,215,23,477,382,215,1,5,1,1,89,89,90,86,85,82,74,48,21,3,0
770,667,9,9,332,335,22,479,383,217,22,479,383,217,1,5,1,1,89,89,89,86,86,80,73,50,24,1,0
771,667,9,9,331,336,22,478,384,217,22,478,384,217,1,4,1,1,89,90,89,87,84,81,73,47,25,2,0
772,667,9,9,329,338,21,477,385,216,21,477,385,216,1,4,1,1,89,89,89,87,84,82,75,44,26,2,0
773,667,9,9,329,338,21,478,386,218,21,478,386,218,1,4,1,1,90,88,89,87,84,84,75,45,22,3,0
774,667,9,9,334,333,22,476,388,219,22,476,388,219,1,4,1,1,90,88,89,87,85,82,73,48,20,5,0
775,667,9,9,334,333,23,478,385,219,23,478,385,219,1,4,1,1,90,88,89,87,86,81,72,50,20,4,0
776,667,9,9,335,332,23,480,384,220,23,480,384,220,1,4,1,1,90,87,88,87,87,78,74,52,22,2,0
777,667,9,9,330,337,23,477,387,220,23,477,387,220,1,4,1,1,90,87,88,87,87,80,71,55,20,2,0
778,667,9,9,330,337,22,480,384,219,22,480,384,219,1,4,0,0,90,86,88,87,86,82,70,57,20,1,0
779,667,9,9,331,336,21,484,384,222,21,484,384,222,1,4,0,0,89,86,88,89,84,80,72,58,19,2,0
780,667,9,9,330,337,20,487,384,224,20,487,384,224,1,4,0,0,89,87,87,89,84,81,68,57,22,3,0
781,667,9,9,330,337,21,487,382,223,21,487,382,223,1,4,0,0,88,87,88,88,85,81,68,57,21,4,0
782,667,9,9,332,335,21,484,381,219,21,484,381,219,1,4,0,0,87,88,87,88,85,80,69,57,23,3,0
783,667,9,9,333,334,20,485,384,222,20,485,384,222,1,4,0,0,87,89,87,87,85,80,70,57,23,2,0
784,667,9,9,334,333,22,483,384,222,22,483,384,222,2,4,0,0,87,88,87,87,85,80,69,54,28,2,0
785,667,9,9,334,333,23,482,384,222,23,482,384,222,2,4,0,0,87,88,87,87,86,81,67,52,30,2,0
786,667,9,9,333,334,23,481,386,223,23,481,386,223,2,4,0,0,87,88,86,87,84,82,64,58,29,2,0
787,667,9,9,330,337,23,483,386,225,23,483,386,225,2,4,0,0,87,88,86,87,85,81,66,55,31,1,0
788,667,9,9,331,336,22,484,387,226,22,484,387,226,2,4,0,0,89,86,85,87,84,80,71,53,29,3,0
789,667,9,9,331,336,21,484,390,228,21,484,390,228,2,4,1,0,89,87,84,86,86,77,71,55,27,5,0
790,667,9,9,331,336,21,483,389,226,21,483,389,226,2,4,1,0,89,87,85,85,87,77,73,53,25,6,0
791,667,9,9,333,334,21,482,390,226,21,482,390,226,2,4,1,0,89,87,85,87,86,78,68,55,26,6,0
792,667,9,9,331,336,21,483,390,227,21,483,390,227,2,4,1,0,89,87,87,84,87,80,65,54,27,7,0
793,667,9,9,329,338,22,480,392,227,22,480,392,227,2,4,1,0,89,87,88,85,85,79,68,55,28,3,0
794,667,9,9,328,339,23,480,392,228,23,480,392,228,2,4,1,0,89,87,88,85,86,78,72,53,27,2,0
795,667,9,9,325,342,22,480,391,226,22,480,391,226,2,4,1,0,90,86,87,85,86,79,74,51,26,3,0
796,667,9,9,324,343,22,482,386,223,22,482,386,223,2,5,1,0,90,87,87,84,85,79,73,53,28,1,0
797,667,9,9,326,341,22,483,383,221,22,483,383,221,2,4,1,0,90,87,87,84,85,81,70,55,26,2,0
798,667,9,9,324,343,22,481,385,221,22,481,385,221,2,4,1,0,90,89,85,84,85,79,69,57,27,2,0
799,667,9,9,324,343,23,479,385,220,23,479,385,220,2,4,1,0,90,89,86,84,83,82,67,59,26,1,0
800,667,9,9,321,346,24,479,384,220,24,479,384,220,2,4,1,0,90,89,85,85,81,83,68,59,26,1,0
801,667,9,9,320,347,26,477,385,221,26,477,385,221,2,4,1,0,90,89,85,85,83,82,68,56,26,3,0
802,667,9,9,323,344,25,478,385,221,25,478,385,221,2,4,1,0,89,89,83,87,82,83,70,54,24,6,0
803,667,9,9,322,345,24,480,382,219,24,480,382,219,2,4,1,0,89,89,84,87,83,81,69,56,25,4,0
804,667,9,9,326,341,24,477,383,217,24,477,383,217,2,4,1,0,90,88,84,87,83,81,68,61,23,2,0
805,667,9,9,325,342,24,480,381,218,24,480,381,218,2,4,1,0,90,89,84,86,82,80,69,62,24,1,0
806,667,9,9,324,343,25,482,378,218,25,482,378,218,3,4,1,0,90,89,86,85,80,81,69,62,24,1,0
807,667,9,9,323,344,25,481,378,217,25,481,378,217,3,4,1,0,90,89,87,84,79,82,69,60,25,2,0
808,667,9,9,321,346,25,483,376,217,25,483,376,217,2,4,1,0,89,89,89,81,81,81,69,60,26,2,0
809,667,9,9,317,350,25,489,372,219,25,489,372,219,2,4,1,0,89,89,89,82,80,79,70,59,29,1,0
810,667,9,9,319,348,24,490,371,218,24,490,371,218,2,4,1,0,89,89,89,82,82,77,71,54,31,3,0
811,667,9,9,318,349,23,493,370,219,23,493,370,219,2,4,1,0,89,89,89,82,82,78,72,53,30,3,0
812,667,9,9,318,349,22,490,373,218,22,490,373,218,2,4,1,0,88,89,89,82,83,78,72,56,25,5,0
813,667,9,9,316,351,21,494,371,219,21,494,371,219,2,4,1,0,88,88,89,82,84,78,72,53,26,7,0
814,667,9,9,318,349,21,491,372,217,21,491,372,217,2,4,1,0,88,89,88,82,84,79,73,54,25,5,0
815,667,9,9,315,352,21,490,376,220,21,490,376,220,2,4,1,0,88,89,89,83,82,78,73,52,28,5,0
816,667,9,9,314,353,21,490,375,219,21,490,375,219,2,4,1,0,89,88,89,85,81,77,75,47,33,3,0
